"CancerType","SampleType","Expression","PatientID"
"ACC","Tumor",1.459496547986,"ACC_T_1"
"ACC","Tumor",4.3885480980132,"ACC_T_2"
"ACC","Tumor",3.04008623969931,"ACC_T_3"
"ACC","Tumor",3.03181025022684,"ACC_T_4"
"ACC","Tumor",3.33213482585323,"ACC_T_5"
"ACC","Tumor",4.42960709021644,"ACC_T_6"
"ACC","Tumor",1.42178158314765,"ACC_T_7"
"ACC","Tumor",4.83923656566074,"ACC_T_8"
"ACC","Tumor",3.65286465916991,"ACC_T_9"
"ACC","Tumor",5.67738876271891,"ACC_T_10"
"ACC","Tumor",3.69814894765034,"ACC_T_11"
"ACC","Tumor",3.38726513280884,"ACC_T_12"
"ACC","Tumor",2.10015906842825,"ACC_T_13"
"ACC","Tumor",4.44381546659895,"ACC_T_14"
"ACC","Tumor",3.97459205588913,"ACC_T_15"
"ACC","Tumor",3.09336620029473,"ACC_T_16"
"ACC","Tumor",2.36466999442661,"ACC_T_17"
"ACC","Tumor",2.4155489894233,"ACC_T_18"
"ACC","Tumor",2.93318681796809,"ACC_T_19"
"ACC","Tumor",2.81413945430143,"ACC_T_20"
"ACC","Tumor",2.06335307671186,"ACC_T_21"
"ACC","Tumor",3.06362894758064,"ACC_T_22"
"ACC","Tumor",4.21966275028622,"ACC_T_23"
"ACC","Tumor",3.00365866102209,"ACC_T_24"
"ACC","Tumor",1.98350736412484,"ACC_T_25"
"ACC","Tumor",2.33053648950167,"ACC_T_26"
"ACC","Tumor",3.83398828993986,"ACC_T_27"
"ACC","Tumor",2.82899579273798,"ACC_T_28"
"ACC","Tumor",1.83752980061803,"ACC_T_29"
"ACC","Tumor",2.54944388407081,"ACC_T_30"
"ACC","Tumor",3.01964152300762,"ACC_T_31"
"ACC","Tumor",4.03578835901861,"ACC_T_32"
"ACC","Tumor",2.99765624967901,"ACC_T_33"
"ACC","Tumor",3.47884341277253,"ACC_T_34"
"ACC","Tumor",0,"ACC_T_35"
"ACC","Tumor",2.37726044076864,"ACC_T_36"
"ACC","Tumor",3.43560077936908,"ACC_T_37"
"ACC","Tumor",1.92854022964866,"ACC_T_38"
"ACC","Tumor",3.58360258912782,"ACC_T_39"
"ACC","Tumor",3.94922907785022,"ACC_T_40"
"ACC","Tumor",2.98512124337182,"ACC_T_41"
"ACC","Tumor",4.39197098695211,"ACC_T_42"
"ACC","Normal",2.75056534545211,"ACC_N_1"
"ACC","Normal",3.32674434377553,"ACC_N_2"
"ACC","Normal",3.27572792911622,"ACC_N_3"
"ACC","Normal",4.27302430668385,"ACC_N_4"
"ACC","Normal",3.58235695883733,"ACC_N_5"
"ACC","Normal",3.8517070232106,"ACC_N_6"
"ACC","Normal",3.62621480773583,"ACC_N_7"
"ACC","Normal",3.61475584618174,"ACC_N_8"
"ACC","Normal",4.74393403922636,"ACC_N_9"
"ACC","Normal",3.46843542348738,"ACC_N_10"
"ACC","Normal",4.86222869555843,"ACC_N_11"
"ACC","Normal",2.41004996863062,"ACC_N_12"
"ACC","Normal",4.11674321172365,"ACC_N_13"
"ACC","Normal",3.74813560709049,"ACC_N_14"
"ACC","Normal",3.82180546700997,"ACC_N_15"
"ACC","Normal",3.9527637982227,"ACC_N_16"
"ACC","Normal",3.24719344952735,"ACC_N_17"
"ACC","Normal",3.38248630507926,"ACC_N_18"
"ACC","Normal",2.83419190552912,"ACC_N_19"
"ACC","Normal",2.79161923083433,"ACC_N_20"
"ACC","Normal",3.8918751251382,"ACC_N_21"
"ACC","Normal",4.00762003491834,"ACC_N_22"
"ACC","Normal",3.6914555933992,"ACC_N_23"
"ACC","Normal",4.38686618631858,"ACC_N_24"
"ACC","Normal",5.28911996051651,"ACC_N_25"
"ACC","Normal",3.25622727916957,"ACC_N_26"
"BLCA","Tumor",0.818987194078593,"BLCA_T_1"
"BLCA","Tumor",0.840179340193628,"BLCA_T_2"
"BLCA","Tumor",2.55375932635768,"BLCA_T_3"
"BLCA","Tumor",1.24341494960998,"BLCA_T_4"
"BLCA","Tumor",0.30747024440645,"BLCA_T_5"
"BLCA","Tumor",1.70949143641014,"BLCA_T_6"
"BLCA","Tumor",1.38929659422194,"BLCA_T_7"
"BLCA","Tumor",1.53395214256087,"BLCA_T_8"
"BLCA","Tumor",1.91346835778732,"BLCA_T_9"
"BLCA","Tumor",1.15752792486858,"BLCA_T_10"
"BLCA","Tumor",2.17256450517982,"BLCA_T_11"
"BLCA","Tumor",1.30770139484224,"BLCA_T_12"
"BLCA","Tumor",1.85996992057668,"BLCA_T_13"
"BLCA","Tumor",2.62502696981033,"BLCA_T_14"
"BLCA","Tumor",1.96336944749479,"BLCA_T_15"
"BLCA","Tumor",1.20225637112976,"BLCA_T_16"
"BLCA","Tumor",2.67699557511208,"BLCA_T_17"
"BLCA","Tumor",2.52169181262311,"BLCA_T_18"
"BLCA","Tumor",2.07658491616906,"BLCA_T_19"
"BLCA","Tumor",1.76691969177243,"BLCA_T_20"
"BLCA","Tumor",0.900281880621615,"BLCA_T_21"
"BLCA","Tumor",2.88884040519099,"BLCA_T_22"
"BLCA","Tumor",0.927928369513859,"BLCA_T_23"
"BLCA","Tumor",3.71552094967756,"BLCA_T_24"
"BLCA","Tumor",3.06079858284618,"BLCA_T_25"
"BLCA","Tumor",1.29248759756051,"BLCA_T_26"
"BLCA","Tumor",0.501767056354205,"BLCA_T_27"
"BLCA","Tumor",0.817781392961685,"BLCA_T_28"
"BLCA","Tumor",1.78507166581752,"BLCA_T_29"
"BLCA","Tumor",1.28149607819861,"BLCA_T_30"
"BLCA","Tumor",1.18064535726325,"BLCA_T_31"
"BLCA","Tumor",0.57656938939597,"BLCA_T_32"
"BLCA","Tumor",1.48316023185207,"BLCA_T_33"
"BLCA","Tumor",0.74328348720391,"BLCA_T_34"
"BLCA","Tumor",0,"BLCA_T_35"
"BLCA","Tumor",1.14796143637322,"BLCA_T_36"
"BLCA","Tumor",2.44718456572175,"BLCA_T_37"
"BLCA","Tumor",0.952840994052594,"BLCA_T_38"
"BLCA","Tumor",2.13615227888602,"BLCA_T_39"
"BLCA","Tumor",0,"BLCA_T_40"
"BLCA","Tumor",1.47262599113645,"BLCA_T_41"
"BLCA","Tumor",2.04759516060445,"BLCA_T_42"
"BLCA","Tumor",1.8293413188277,"BLCA_T_43"
"BLCA","Tumor",1.63386415080993,"BLCA_T_44"
"BLCA","Tumor",0.88748194835561,"BLCA_T_45"
"BLCA","Tumor",0.678483610627404,"BLCA_T_46"
"BLCA","Tumor",0.504059166056073,"BLCA_T_47"
"BLCA","Tumor",1.64583455376111,"BLCA_T_48"
"BLCA","Tumor",0.580713342476184,"BLCA_T_49"
"BLCA","Tumor",1.03763051296032,"BLCA_T_50"
"BLCA","Tumor",1.27209576446274,"BLCA_T_51"
"BLCA","Tumor",3.37204996189319,"BLCA_T_52"
"BLCA","Tumor",0.876238054965527,"BLCA_T_53"
"BLCA","Tumor",1.76357452894584,"BLCA_T_54"
"BLCA","Tumor",1.6061488062247,"BLCA_T_55"
"BLCA","Tumor",0.566331322530857,"BLCA_T_56"
"BLCA","Tumor",1.45687987053739,"BLCA_T_57"
"BLCA","Tumor",2.97273881508433,"BLCA_T_58"
"BLCA","Tumor",1.9796920097402,"BLCA_T_59"
"BLCA","Tumor",1.56942087865393,"BLCA_T_60"
"BLCA","Tumor",1.10569112432136,"BLCA_T_61"
"BLCA","Tumor",0,"BLCA_T_62"
"BLCA","Tumor",2.65952517007516,"BLCA_T_63"
"BLCA","Tumor",0.067547885736164,"BLCA_T_64"
"BLCA","Tumor",2.26813546753832,"BLCA_T_65"
"BLCA","Tumor",3.43729152587847,"BLCA_T_66"
"BLCA","Tumor",0.0842947956891866,"BLCA_T_67"
"BLCA","Tumor",2.2299722920357,"BLCA_T_68"
"BLCA","Tumor",1.26599046725852,"BLCA_T_69"
"BLCA","Tumor",0,"BLCA_T_70"
"BLCA","Tumor",0.0135203028792346,"BLCA_T_71"
"BLCA","Tumor",0,"BLCA_T_72"
"BLCA","Tumor",0.997281434490683,"BLCA_T_73"
"BLCA","Tumor",0.0664323716650861,"BLCA_T_74"
"BLCA","Tumor",2.21610472963681,"BLCA_T_75"
"BLCA","Tumor",3.62829689718666,"BLCA_T_76"
"BLCA","Tumor",0.241157480625807,"BLCA_T_77"
"BLCA","Tumor",2.31592680413616,"BLCA_T_78"
"BLCA","Tumor",2.2972301976619,"BLCA_T_79"
"BLCA","Tumor",1.8603905356111,"BLCA_T_80"
"BLCA","Tumor",0.519811348383978,"BLCA_T_81"
"BLCA","Tumor",1.40873535003033,"BLCA_T_82"
"BLCA","Tumor",1.24779262149074,"BLCA_T_83"
"BLCA","Tumor",2.09117748988147,"BLCA_T_84"
"BLCA","Tumor",1.15574920055716,"BLCA_T_85"
"BLCA","Normal",3.22852327044737,"BLCA_N_1"
"BLCA","Normal",4.37035712912445,"BLCA_N_2"
"BLCA","Normal",2.68884635132813,"BLCA_N_3"
"BLCA","Normal",2.5200637608545,"BLCA_N_4"
"BLCA","Normal",6.12101990461491,"BLCA_N_5"
"BLCA","Normal",3.19470188613264,"BLCA_N_6"
"BLCA","Normal",3.76677002989356,"BLCA_N_7"
"BLCA","Normal",4.03744369588807,"BLCA_N_8"
"BLCA","Normal",3.14116345609399,"BLCA_N_9"
"BLCA","Normal",3.94167759211187,"BLCA_N_10"
"BLCA","Normal",3.82335957856905,"BLCA_N_11"
"BLCA","Normal",3.35588355054763,"BLCA_N_12"
"BLCA","Normal",3.58042238348124,"BLCA_N_13"
"BLCA","Normal",3.50093415367021,"BLCA_N_14"
"BLCA","Normal",5.23094947587393,"BLCA_N_15"
"BLCA","Normal",2.93511907964272,"BLCA_N_16"
"BLCA","Normal",2.65139094300125,"BLCA_N_17"
"BLCA","Normal",3.55841867599785,"BLCA_N_18"
"BLCA","Normal",3.7765725562155,"BLCA_N_19"
"BLCA","Normal",3.87740673978913,"BLCA_N_20"
"BLCA","Normal",3.1614956904921,"BLCA_N_21"
"BLCA","Normal",2.67752704948403,"BLCA_N_22"
"BLCA","Normal",4.53873609753258,"BLCA_N_23"
"BLCA","Normal",3.24846764629814,"BLCA_N_24"
"BLCA","Normal",2.83577766653829,"BLCA_N_25"
"BLCA","Normal",3.33916430150811,"BLCA_N_26"
"BLCA","Normal",3.37044724118214,"BLCA_N_27"
"BLCA","Normal",4.4161241884319,"BLCA_N_28"
"BLCA","Normal",3.59597779041874,"BLCA_N_29"
"BLCA","Normal",4.1314309848086,"BLCA_N_30"
"BLCA","Normal",3.12875434292318,"BLCA_N_31"
"BLCA","Normal",3.69974420432627,"BLCA_N_32"
"BLCA","Normal",3.26843922746832,"BLCA_N_33"
"BLCA","Normal",3.60385477919984,"BLCA_N_34"
"BLCA","Normal",2.81189727027895,"BLCA_N_35"
"BLCA","Normal",2.47954672999861,"BLCA_N_36"
"BLCA","Normal",5.12595866445936,"BLCA_N_37"
"BLCA","Normal",4.00875501559892,"BLCA_N_38"
"BLCA","Normal",2.52717086736103,"BLCA_N_39"
"BRCA","Tumor",3.17863994343361,"BRCA_T_1"
"BRCA","Tumor",0,"BRCA_T_2"
"BRCA","Tumor",0.995617064424507,"BRCA_T_3"
"BRCA","Tumor",0.677015100820769,"BRCA_T_4"
"BRCA","Tumor",0,"BRCA_T_5"
"BRCA","Tumor",1.27307767382108,"BRCA_T_6"
"BRCA","Tumor",1.76355783940136,"BRCA_T_7"
"BRCA","Tumor",0.798034193817423,"BRCA_T_8"
"BRCA","Tumor",0,"BRCA_T_9"
"BRCA","Tumor",0.340296441931053,"BRCA_T_10"
"BRCA","Tumor",0,"BRCA_T_11"
"BRCA","Tumor",1.172991525914,"BRCA_T_12"
"BRCA","Tumor",0.340887424919088,"BRCA_T_13"
"BRCA","Tumor",1.12513137401709,"BRCA_T_14"
"BRCA","Tumor",0.519174092271354,"BRCA_T_15"
"BRCA","Tumor",1.89503192565731,"BRCA_T_16"
"BRCA","Tumor",0.963391844946204,"BRCA_T_17"
"BRCA","Tumor",3.51134376660583,"BRCA_T_18"
"BRCA","Tumor",1.08946541161463,"BRCA_T_19"
"BRCA","Tumor",0.770665231370374,"BRCA_T_20"
"BRCA","Tumor",0,"BRCA_T_21"
"BRCA","Tumor",1.01498541028898,"BRCA_T_22"
"BRCA","Tumor",0,"BRCA_T_23"
"BRCA","Tumor",1.35239949615815,"BRCA_T_24"
"BRCA","Tumor",0,"BRCA_T_25"
"BRCA","Tumor",1.25230941696086,"BRCA_T_26"
"BRCA","Tumor",0.417319829657788,"BRCA_T_27"
"BRCA","Tumor",0,"BRCA_T_28"
"BRCA","Tumor",2.03011808326644,"BRCA_T_29"
"BRCA","Tumor",1.46986987775733,"BRCA_T_30"
"BRCA","Tumor",0,"BRCA_T_31"
"BRCA","Tumor",0.642386999011078,"BRCA_T_32"
"BRCA","Tumor",0,"BRCA_T_33"
"BRCA","Tumor",0.192713822872827,"BRCA_T_34"
"BRCA","Tumor",1.30245235782033,"BRCA_T_35"
"BRCA","Tumor",1.68253962138626,"BRCA_T_36"
"BRCA","Tumor",1.72630472156591,"BRCA_T_37"
"BRCA","Tumor",1.49630945411147,"BRCA_T_38"
"BRCA","Tumor",0.6636751576387,"BRCA_T_39"
"BRCA","Tumor",0,"BRCA_T_40"
"BRCA","Tumor",1.34164128131329,"BRCA_T_41"
"BRCA","Tumor",1.69566134870497,"BRCA_T_42"
"BRCA","Tumor",1.29263751841387,"BRCA_T_43"
"BRCA","Tumor",0,"BRCA_T_44"
"BRCA","Tumor",1.26591333544813,"BRCA_T_45"
"BRCA","Tumor",1.77487905852671,"BRCA_T_46"
"BRCA","Tumor",0,"BRCA_T_47"
"BRCA","Tumor",1.33214042309993,"BRCA_T_48"
"BRCA","Tumor",3.25757583481326,"BRCA_T_49"
"BRCA","Tumor",0,"BRCA_T_50"
"BRCA","Tumor",1.59898063721405,"BRCA_T_51"
"BRCA","Tumor",0.461882315212868,"BRCA_T_52"
"BRCA","Tumor",0,"BRCA_T_53"
"BRCA","Tumor",0,"BRCA_T_54"
"BRCA","Tumor",0.813073611759326,"BRCA_T_55"
"BRCA","Tumor",0.394315708501369,"BRCA_T_56"
"BRCA","Tumor",0,"BRCA_T_57"
"BRCA","Tumor",0.538580243720994,"BRCA_T_58"
"BRCA","Tumor",0,"BRCA_T_59"
"BRCA","Tumor",1.54269681016207,"BRCA_T_60"
"BRCA","Tumor",1.69995419076765,"BRCA_T_61"
"BRCA","Tumor",0.457174595089618,"BRCA_T_62"
"BRCA","Tumor",0,"BRCA_T_63"
"BRCA","Tumor",1.26811723527626,"BRCA_T_64"
"BRCA","Tumor",0,"BRCA_T_65"
"BRCA","Tumor",0.287062141737415,"BRCA_T_66"
"BRCA","Tumor",1.29225579973042,"BRCA_T_67"
"BRCA","Tumor",1.70520020841806,"BRCA_T_68"
"BRCA","Tumor",1.44353847704823,"BRCA_T_69"
"BRCA","Tumor",1.7543843611465,"BRCA_T_70"
"BRCA","Tumor",0.204052272266872,"BRCA_T_71"
"BRCA","Tumor",0,"BRCA_T_72"
"BRCA","Tumor",0.210965736329468,"BRCA_T_73"
"BRCA","Tumor",2.6042263381094,"BRCA_T_74"
"BRCA","Tumor",1.85851407324409,"BRCA_T_75"
"BRCA","Tumor",0.511254725283113,"BRCA_T_76"
"BRCA","Tumor",0,"BRCA_T_77"
"BRCA","Tumor",2.0194257207214,"BRCA_T_78"
"BRCA","Tumor",1.02290388671011,"BRCA_T_79"
"BRCA","Tumor",0.878175009141731,"BRCA_T_80"
"BRCA","Tumor",0,"BRCA_T_81"
"BRCA","Tumor",2.27414771871691,"BRCA_T_82"
"BRCA","Tumor",0,"BRCA_T_83"
"BRCA","Tumor",1.19868535005183,"BRCA_T_84"
"BRCA","Tumor",1.68959715885853,"BRCA_T_85"
"BRCA","Tumor",2.00421803397904,"BRCA_T_86"
"BRCA","Tumor",2.11998116349391,"BRCA_T_87"
"BRCA","Normal",2.61585241498245,"BRCA_N_1"
"BRCA","Normal",1.12793517905368,"BRCA_N_2"
"BRCA","Normal",1.43762778930818,"BRCA_N_3"
"BRCA","Normal",2.23788258065573,"BRCA_N_4"
"BRCA","Normal",2.14652030090199,"BRCA_N_5"
"BRCA","Normal",2.21938597050474,"BRCA_N_6"
"BRCA","Normal",0.841201081352813,"BRCA_N_7"
"BRCA","Normal",2.90516166643472,"BRCA_N_8"
"BRCA","Normal",1.35653617894461,"BRCA_N_9"
"BRCA","Normal",2.79665695796595,"BRCA_N_10"
"BRCA","Normal",0.222453333375889,"BRCA_N_11"
"BRCA","Normal",1.31996235128385,"BRCA_N_12"
"BRCA","Normal",2.30310713897583,"BRCA_N_13"
"BRCA","Normal",0.730981732422222,"BRCA_N_14"
"BRCA","Normal",0.701024307626265,"BRCA_N_15"
"BRCA","Normal",0.552344519314944,"BRCA_N_16"
"BRCA","Normal",0.461164858729469,"BRCA_N_17"
"BRCA","Normal",0.95344785565614,"BRCA_N_18"
"BRCA","Normal",1.56811882056764,"BRCA_N_19"
"BRCA","Normal",0,"BRCA_N_20"
"BRCA","Normal",1.47275982889829,"BRCA_N_21"
"BRCA","Normal",2.29251551933372,"BRCA_N_22"
"BRCA","Normal",2.93323469679281,"BRCA_N_23"
"BRCA","Normal",2.34411627596093,"BRCA_N_24"
"BRCA","Normal",1.90859529323723,"BRCA_N_25"
"BRCA","Normal",0,"BRCA_N_26"
"BRCA","Normal",0.821970115795033,"BRCA_N_27"
"BRCA","Normal",1.02153831693437,"BRCA_N_28"
"BRCA","Normal",1.86599460440597,"BRCA_N_29"
"BRCA","Normal",1.21863841499744,"BRCA_N_30"
"BRCA","Normal",0.296256579752321,"BRCA_N_31"
"BRCA","Normal",2.65072404867575,"BRCA_N_32"
"BRCA","Normal",2.03228851563723,"BRCA_N_33"
"BRCA","Normal",1.49311970019328,"BRCA_N_34"
"BRCA","Normal",2.27766237046111,"BRCA_N_35"
"BRCA","Normal",0.232156052412481,"BRCA_N_36"
"BRCA","Normal",1.8318317204323,"BRCA_N_37"
"BRCA","Normal",0.884845581149721,"BRCA_N_38"
"BRCA","Normal",1.85017189968103,"BRCA_N_39"
"BRCA","Normal",1.2545179184724,"BRCA_N_40"
"BRCA","Normal",1.80954405262562,"BRCA_N_41"
"BRCA","Normal",2.37158957424797,"BRCA_N_42"
"BRCA","Normal",1.30900755445398,"BRCA_N_43"
"BRCA","Normal",2.11722239176213,"BRCA_N_44"
"BRCA","Normal",0.352428254082075,"BRCA_N_45"
"BRCA","Normal",0.725891929851646,"BRCA_N_46"
"BRCA","Normal",2.518549651311,"BRCA_N_47"
"BRCA","Normal",1.6050858606196,"BRCA_N_48"
"BRCA","Normal",0,"BRCA_N_49"
"BRCA","Normal",0.211945520534558,"BRCA_N_50"
"CESC","Tumor",0.427318638045164,"CESC_T_1"
"CESC","Tumor",1.13148021027148,"CESC_T_2"
"CESC","Tumor",1.82916381431941,"CESC_T_3"
"CESC","Tumor",2.47030119255741,"CESC_T_4"
"CESC","Tumor",1.38905402093631,"CESC_T_5"
"CESC","Tumor",0.310424829342362,"CESC_T_6"
"CESC","Tumor",0.599319933535163,"CESC_T_7"
"CESC","Tumor",1.60642922692227,"CESC_T_8"
"CESC","Tumor",0.181980151671283,"CESC_T_9"
"CESC","Tumor",1.47148697674295,"CESC_T_10"
"CESC","Tumor",0,"CESC_T_11"
"CESC","Tumor",0.892023137063422,"CESC_T_12"
"CESC","Tumor",0.618897309364263,"CESC_T_13"
"CESC","Tumor",2.35299791179073,"CESC_T_14"
"CESC","Tumor",1.5984293241443,"CESC_T_15"
"CESC","Tumor",0.947002064970095,"CESC_T_16"
"CESC","Tumor",1.08276239229107,"CESC_T_17"
"CESC","Tumor",1.31410220011597,"CESC_T_18"
"CESC","Tumor",1.87271572394583,"CESC_T_19"
"CESC","Tumor",0.968037630079015,"CESC_T_20"
"CESC","Tumor",0,"CESC_T_21"
"CESC","Tumor",0.0239899481375925,"CESC_T_22"
"CESC","Tumor",1.83840298459562,"CESC_T_23"
"CESC","Tumor",2.397724961425,"CESC_T_24"
"CESC","Tumor",1.95597615897991,"CESC_T_25"
"CESC","Tumor",1.54840553990382,"CESC_T_26"
"CESC","Tumor",0,"CESC_T_27"
"CESC","Tumor",2.41161261178249,"CESC_T_28"
"CESC","Tumor",2.69769492012602,"CESC_T_29"
"CESC","Tumor",0.782394297772548,"CESC_T_30"
"CESC","Tumor",3.55094071031373,"CESC_T_31"
"CESC","Tumor",0,"CESC_T_32"
"CESC","Tumor",0.218308425185701,"CESC_T_33"
"CESC","Tumor",1.50833717707657,"CESC_T_34"
"CESC","Tumor",1.33189927482662,"CESC_T_35"
"CESC","Tumor",0,"CESC_T_36"
"CESC","Tumor",2.89356146301405,"CESC_T_37"
"CESC","Tumor",0.585476046643143,"CESC_T_38"
"CESC","Tumor",0,"CESC_T_39"
"CESC","Tumor",1.23635688905893,"CESC_T_40"
"CESC","Tumor",2.47974788497899,"CESC_T_41"
"CESC","Tumor",0.433511413004581,"CESC_T_42"
"CESC","Tumor",0.543708652214571,"CESC_T_43"
"CESC","Normal",1.91235585653494,"CESC_N_1"
"CESC","Normal",2.58449368652155,"CESC_N_2"
"CESC","Normal",3.07750761055851,"CESC_N_3"
"CESC","Normal",3.47337583993521,"CESC_N_4"
"CESC","Normal",3.45680819053777,"CESC_N_5"
"CESC","Normal",2.22420091490567,"CESC_N_6"
"CESC","Normal",2.57417433381949,"CESC_N_7"
"CESC","Normal",3.46006877538324,"CESC_N_8"
"CESC","Normal",3.49250336112682,"CESC_N_9"
"CESC","Normal",3.07961772734031,"CESC_N_10"
"CESC","Normal",2.68424591741527,"CESC_N_11"
"CHOL","Tumor",3.8526315781083,"CHOL_T_1"
"CHOL","Tumor",3.71931420756202,"CHOL_T_2"
"CHOL","Tumor",3.51217379960394,"CHOL_T_3"
"CHOL","Tumor",3.16465450350233,"CHOL_T_4"
"CHOL","Tumor",3.10014260882355,"CHOL_T_5"
"CHOL","Tumor",3.40294080995941,"CHOL_T_6"
"CHOL","Tumor",2.07108862055787,"CHOL_T_7"
"CHOL","Tumor",5.60700561837585,"CHOL_T_8"
"CHOL","Tumor",3.69019729430835,"CHOL_T_9"
"CHOL","Tumor",4.17922427794722,"CHOL_T_10"
"CHOL","Tumor",4.25619181032079,"CHOL_T_11"
"CHOL","Tumor",4.94172507941227,"CHOL_T_12"
"CHOL","Tumor",2.66191368331805,"CHOL_T_13"
"CHOL","Tumor",2.6007126719386,"CHOL_T_14"
"CHOL","Tumor",3.90103674567919,"CHOL_T_15"
"CHOL","Tumor",3.2535664530725,"CHOL_T_16"
"CHOL","Tumor",6.11285032028684,"CHOL_T_17"
"CHOL","Tumor",2.31231527949644,"CHOL_T_18"
"CHOL","Tumor",2.1343320019243,"CHOL_T_19"
"CHOL","Tumor",4.37062795508094,"CHOL_T_20"
"CHOL","Tumor",4.49096788183482,"CHOL_T_21"
"CHOL","Tumor",4.33115762917594,"CHOL_T_22"
"CHOL","Tumor",3.92747406742677,"CHOL_T_23"
"CHOL","Tumor",4.15070853890302,"CHOL_T_24"
"CHOL","Tumor",2.44837519149629,"CHOL_T_25"
"CHOL","Tumor",4.37790195418047,"CHOL_T_26"
"CHOL","Tumor",2.57047547337249,"CHOL_T_27"
"CHOL","Tumor",3.11094688827758,"CHOL_T_28"
"CHOL","Tumor",1.3875388746066,"CHOL_T_29"
"CHOL","Tumor",2.61963753761297,"CHOL_T_30"
"CHOL","Tumor",4.3477756970203,"CHOL_T_31"
"CHOL","Tumor",4.31426272988027,"CHOL_T_32"
"CHOL","Tumor",3.58482034644164,"CHOL_T_33"
"CHOL","Tumor",2.57173785092932,"CHOL_T_34"
"CHOL","Tumor",4.96715865050745,"CHOL_T_35"
"CHOL","Tumor",2.02189278148144,"CHOL_T_36"
"CHOL","Tumor",3.66707649532168,"CHOL_T_37"
"CHOL","Tumor",3.13546921232396,"CHOL_T_38"
"CHOL","Tumor",2.54160818163642,"CHOL_T_39"
"CHOL","Tumor",3.86650932822825,"CHOL_T_40"
"CHOL","Tumor",2.79073959056072,"CHOL_T_41"
"CHOL","Tumor",3.81454086927041,"CHOL_T_42"
"CHOL","Tumor",4.19556883068923,"CHOL_T_43"
"CHOL","Tumor",4.25075614794602,"CHOL_T_44"
"CHOL","Tumor",4.0825754451405,"CHOL_T_45"
"CHOL","Tumor",5.15809091415179,"CHOL_T_46"
"CHOL","Normal",4.27373998740066,"CHOL_N_1"
"CHOL","Normal",3.58590601440543,"CHOL_N_2"
"CHOL","Normal",3.22972671139874,"CHOL_N_3"
"CHOL","Normal",3.87807469388022,"CHOL_N_4"
"CHOL","Normal",4.09687283745814,"CHOL_N_5"
"CHOL","Normal",4.45246013284554,"CHOL_N_6"
"CHOL","Normal",2.10394828976501,"CHOL_N_7"
"CHOL","Normal",2.43671446243936,"CHOL_N_8"
"CHOL","Normal",4.89013974983712,"CHOL_N_9"
"CHOL","Normal",4.58312095457581,"CHOL_N_10"
"CHOL","Normal",4.09404903601272,"CHOL_N_11"
"CHOL","Normal",4.31796060257542,"CHOL_N_12"
"CHOL","Normal",4.47955781099938,"CHOL_N_13"
"CHOL","Normal",1.61707963811403,"CHOL_N_14"
"CHOL","Normal",4.63403955419763,"CHOL_N_15"
"CHOL","Normal",3.35782779963672,"CHOL_N_16"
"CHOL","Normal",3.93031134139154,"CHOL_N_17"
"CHOL","Normal",3.50969163617971,"CHOL_N_18"
"CHOL","Normal",4.44338984014957,"CHOL_N_19"
"CHOL","Normal",3.46703991772209,"CHOL_N_20"
"COAD","Tumor",3.69095845750492,"COAD_T_1"
"COAD","Tumor",4.34241686909876,"COAD_T_2"
"COAD","Tumor",2.72637950291519,"COAD_T_3"
"COAD","Tumor",3.79740357036391,"COAD_T_4"
"COAD","Tumor",2.55359639390806,"COAD_T_5"
"COAD","Tumor",4.69487442455139,"COAD_T_6"
"COAD","Tumor",1.57054766919431,"COAD_T_7"
"COAD","Tumor",3.52895267044343,"COAD_T_8"
"COAD","Tumor",3.34530695093979,"COAD_T_9"
"COAD","Tumor",2.56641001148718,"COAD_T_10"
"COAD","Tumor",3.14594321188077,"COAD_T_11"
"COAD","Tumor",3.04067901327497,"COAD_T_12"
"COAD","Tumor",2.54189906535349,"COAD_T_13"
"COAD","Tumor",1.84705736178576,"COAD_T_14"
"COAD","Tumor",5.3353363178064,"COAD_T_15"
"COAD","Tumor",2.00919885159087,"COAD_T_16"
"COAD","Tumor",3.36665026463925,"COAD_T_17"
"COAD","Tumor",3.42678718501135,"COAD_T_18"
"COAD","Tumor",2.47304092178416,"COAD_T_19"
"COAD","Tumor",3.72841638163734,"COAD_T_20"
"COAD","Tumor",2.3624636744028,"COAD_T_21"
"COAD","Tumor",3.49921307873594,"COAD_T_22"
"COAD","Tumor",1.86879377108389,"COAD_T_23"
"COAD","Tumor",2.93885635179645,"COAD_T_24"
"COAD","Tumor",3.92054273524061,"COAD_T_25"
"COAD","Tumor",1.09611659263486,"COAD_T_26"
"COAD","Tumor",3.34912407840495,"COAD_T_27"
"COAD","Tumor",4.11179562169832,"COAD_T_28"
"COAD","Tumor",3.87767002634743,"COAD_T_29"
"COAD","Tumor",4.25119642458094,"COAD_T_30"
"COAD","Tumor",2.53088635551179,"COAD_T_31"
"COAD","Tumor",3.38518866012696,"COAD_T_32"
"COAD","Tumor",2.79397027542861,"COAD_T_33"
"COAD","Tumor",3.30055018171964,"COAD_T_34"
"COAD","Tumor",4.50613940970301,"COAD_T_35"
"COAD","Tumor",3.27804452091699,"COAD_T_36"
"COAD","Tumor",2.32065337992753,"COAD_T_37"
"COAD","Tumor",3.79096300334835,"COAD_T_38"
"COAD","Tumor",4.60471870757673,"COAD_T_39"
"COAD","Tumor",3.49800147386172,"COAD_T_40"
"COAD","Tumor",3.01578255153272,"COAD_T_41"
"COAD","Tumor",3.40384173403223,"COAD_T_42"
"COAD","Tumor",3.14354500948715,"COAD_T_43"
"COAD","Tumor",3.57100101886832,"COAD_T_44"
"COAD","Tumor",4.30450052311912,"COAD_T_45"
"COAD","Tumor",3.91583054282144,"COAD_T_46"
"COAD","Tumor",2.96831054901506,"COAD_T_47"
"COAD","Tumor",4.36941890149552,"COAD_T_48"
"COAD","Tumor",3.28652282536418,"COAD_T_49"
"COAD","Tumor",3.08173875578284,"COAD_T_50"
"COAD","Tumor",3.44165428774728,"COAD_T_51"
"COAD","Tumor",3.6922120990985,"COAD_T_52"
"COAD","Tumor",3.66204121190839,"COAD_T_53"
"COAD","Tumor",2.42842930199092,"COAD_T_54"
"COAD","Tumor",3.67405490918583,"COAD_T_55"
"COAD","Tumor",3.70327735346876,"COAD_T_56"
"COAD","Tumor",3.42206107772278,"COAD_T_57"
"COAD","Tumor",4.13507531910737,"COAD_T_58"
"COAD","Tumor",3.60678628906285,"COAD_T_59"
"COAD","Tumor",2.11998275129923,"COAD_T_60"
"COAD","Tumor",1.33046876926319,"COAD_T_61"
"COAD","Tumor",5.99146246630661,"COAD_T_62"
"COAD","Tumor",4.49472452809083,"COAD_T_63"
"COAD","Normal",3.16473770466698,"COAD_N_1"
"COAD","Normal",3.3816794961299,"COAD_N_2"
"COAD","Normal",2.60669388905906,"COAD_N_3"
"COAD","Normal",3.53775595408183,"COAD_N_4"
"COAD","Normal",2.64839258518617,"COAD_N_5"
"COAD","Normal",1.91700701518097,"COAD_N_6"
"COAD","Normal",3.15585379148486,"COAD_N_7"
"COAD","Normal",4.61014039312271,"COAD_N_8"
"COAD","Normal",3.69419089059601,"COAD_N_9"
"COAD","Normal",3.98566213089457,"COAD_N_10"
"COAD","Normal",3.34054399741209,"COAD_N_11"
"COAD","Normal",2.56661367628458,"COAD_N_12"
"COAD","Normal",2.89166673484934,"COAD_N_13"
"COAD","Normal",2.83486093348802,"COAD_N_14"
"COAD","Normal",2.67849959511189,"COAD_N_15"
"COAD","Normal",3.61679324608134,"COAD_N_16"
"COAD","Normal",2.09556861704523,"COAD_N_17"
"COAD","Normal",3.74655232462778,"COAD_N_18"
"COAD","Normal",3.74478140791828,"COAD_N_19"
"COAD","Normal",2.09456153168257,"COAD_N_20"
"COAD","Normal",3.56505301725799,"COAD_N_21"
"COAD","Normal",4.99764074081317,"COAD_N_22"
"COAD","Normal",2.60768703338428,"COAD_N_23"
"COAD","Normal",3.72938281206402,"COAD_N_24"
"COAD","Normal",2.42769794244204,"COAD_N_25"
"COAD","Normal",3.9420285534998,"COAD_N_26"
"COAD","Normal",3.25331919487881,"COAD_N_27"
"COAD","Normal",4.3749917322361,"COAD_N_28"
"COAD","Normal",1.88628283610803,"COAD_N_29"
"COAD","Normal",3.01242111003728,"COAD_N_30"
"COAD","Normal",2.63191927803709,"COAD_N_31"
"COAD","Normal",2.89564752367652,"COAD_N_32"
"DLBC","Tumor",0.592513658590389,"DLBC_T_1"
"DLBC","Tumor",0,"DLBC_T_2"
"DLBC","Tumor",1.25056130970465,"DLBC_T_3"
"DLBC","Tumor",1.24155329373414,"DLBC_T_4"
"DLBC","Tumor",1.9925727345868,"DLBC_T_5"
"DLBC","Tumor",1.24906144613024,"DLBC_T_6"
"DLBC","Tumor",1.7606183290453,"DLBC_T_7"
"DLBC","Tumor",0.519210034921801,"DLBC_T_8"
"DLBC","Tumor",0.433979950659315,"DLBC_T_9"
"DLBC","Tumor",0.838929604107429,"DLBC_T_10"
"DLBC","Tumor",2.76086097375982,"DLBC_T_11"
"DLBC","Tumor",0.83960380684175,"DLBC_T_12"
"DLBC","Tumor",1.40604826678225,"DLBC_T_13"
"DLBC","Tumor",0,"DLBC_T_14"
"DLBC","Tumor",1.32947643154515,"DLBC_T_15"
"DLBC","Tumor",2.47649202745221,"DLBC_T_16"
"DLBC","Tumor",0.751799757351046,"DLBC_T_17"
"DLBC","Tumor",2.13377811468518,"DLBC_T_18"
"DLBC","Tumor",0.2719888990949,"DLBC_T_19"
"DLBC","Tumor",0.262820469511444,"DLBC_T_20"
"DLBC","Tumor",0.376938460400523,"DLBC_T_21"
"DLBC","Tumor",0,"DLBC_T_22"
"DLBC","Tumor",0.516122153841837,"DLBC_T_23"
"DLBC","Tumor",2.99621992962511,"DLBC_T_24"
"DLBC","Tumor",0.829761943807279,"DLBC_T_25"
"DLBC","Tumor",2.45906062770564,"DLBC_T_26"
"DLBC","Tumor",1.19902396995535,"DLBC_T_27"
"DLBC","Tumor",0.817934893085773,"DLBC_T_28"
"DLBC","Tumor",1.42326681635781,"DLBC_T_29"
"DLBC","Tumor",0.273809836233999,"DLBC_T_30"
"DLBC","Tumor",2.18697297244162,"DLBC_T_31"
"DLBC","Tumor",0,"DLBC_T_32"
"DLBC","Tumor",1.8795473041315,"DLBC_T_33"
"DLBC","Tumor",1.31696750500444,"DLBC_T_34"
"DLBC","Tumor",1.21691874041916,"DLBC_T_35"
"DLBC","Tumor",1.80469718108524,"DLBC_T_36"
"DLBC","Tumor",0.219421155637022,"DLBC_T_37"
"DLBC","Tumor",0,"DLBC_T_38"
"DLBC","Tumor",0.786561479401857,"DLBC_T_39"
"DLBC","Tumor",2.29115360890565,"DLBC_T_40"
"DLBC","Tumor",1.65559908656185,"DLBC_T_41"
"DLBC","Tumor",3.35884530165301,"DLBC_T_42"
"DLBC","Tumor",0.0743067958174579,"DLBC_T_43"
"DLBC","Tumor",1.18436511968999,"DLBC_T_44"
"DLBC","Tumor",4.1355421765796,"DLBC_T_45"
"DLBC","Tumor",1.09815953174175,"DLBC_T_46"
"DLBC","Tumor",1.96991263415481,"DLBC_T_47"
"DLBC","Tumor",1.9278603230937,"DLBC_T_48"
"DLBC","Tumor",2.68932170483385,"DLBC_T_49"
"DLBC","Tumor",1.1337168267421,"DLBC_T_50"
"DLBC","Tumor",2.28381332829244,"DLBC_T_51"
"DLBC","Tumor",0,"DLBC_T_52"
"DLBC","Tumor",0.326543836316325,"DLBC_T_53"
"DLBC","Tumor",1.1560391269484,"DLBC_T_54"
"DLBC","Tumor",0.488311736209966,"DLBC_T_55"
"DLBC","Tumor",1.30263516533191,"DLBC_T_56"
"DLBC","Tumor",0,"DLBC_T_57"
"DLBC","Tumor",1.61364464065908,"DLBC_T_58"
"DLBC","Tumor",0.585877412662765,"DLBC_T_59"
"DLBC","Tumor",0.615589604085917,"DLBC_T_60"
"DLBC","Tumor",0.928060811456757,"DLBC_T_61"
"DLBC","Tumor",0.493446461396159,"DLBC_T_62"
"DLBC","Tumor",0,"DLBC_T_63"
"DLBC","Tumor",1.68244183935182,"DLBC_T_64"
"DLBC","Tumor",1.10529387040442,"DLBC_T_65"
"DLBC","Tumor",0,"DLBC_T_66"
"DLBC","Tumor",2.18594459037848,"DLBC_T_67"
"DLBC","Tumor",0.386741760160651,"DLBC_T_68"
"DLBC","Tumor",1.27412652114998,"DLBC_T_69"
"DLBC","Tumor",1.37067130892464,"DLBC_T_70"
"DLBC","Tumor",0.026520499671512,"DLBC_T_71"
"DLBC","Tumor",0,"DLBC_T_72"
"DLBC","Tumor",2.61113519986325,"DLBC_T_73"
"DLBC","Tumor",3.00211054180536,"DLBC_T_74"
"DLBC","Tumor",1.67686031857661,"DLBC_T_75"
"DLBC","Tumor",1.24507993472389,"DLBC_T_76"
"DLBC","Tumor",1.21561571815905,"DLBC_T_77"
"DLBC","Tumor",1.392126391048,"DLBC_T_78"
"DLBC","Tumor",0.804818099614148,"DLBC_T_79"
"DLBC","Tumor",2.12684974770804,"DLBC_T_80"
"DLBC","Tumor",1.77222273247292,"DLBC_T_81"
"DLBC","Tumor",0.483348894190834,"DLBC_T_82"
"DLBC","Tumor",1.20225882388029,"DLBC_T_83"
"DLBC","Tumor",1.11593897264908,"DLBC_T_84"
"DLBC","Tumor",1.14432011355739,"DLBC_T_85"
"DLBC","Tumor",2.10676809536694,"DLBC_T_86"
"DLBC","Tumor",0.563556157796835,"DLBC_T_87"
"DLBC","Tumor",1.70169330544823,"DLBC_T_88"
"DLBC","Tumor",1.25236997432791,"DLBC_T_89"
"DLBC","Tumor",1.04363599594568,"DLBC_T_90"
"DLBC","Tumor",2.0592404458351,"DLBC_T_91"
"DLBC","Tumor",1.21700909100762,"DLBC_T_92"
"DLBC","Tumor",0,"DLBC_T_93"
"DLBC","Tumor",0,"DLBC_T_94"
"DLBC","Normal",1.00529791450682,"DLBC_N_1"
"DLBC","Normal",0.586940667087797,"DLBC_N_2"
"DLBC","Normal",1.05160999927907,"DLBC_N_3"
"DLBC","Normal",0.117366076860497,"DLBC_N_4"
"DLBC","Normal",1.24353374219452,"DLBC_N_5"
"DLBC","Normal",1.28545367182566,"DLBC_N_6"
"DLBC","Normal",1.3432159899325,"DLBC_N_7"
"DLBC","Normal",1.55991877432953,"DLBC_N_8"
"DLBC","Normal",1.8683363881946,"DLBC_N_9"
"DLBC","Normal",1.20504537448946,"DLBC_N_10"
"DLBC","Normal",1.81722776887749,"DLBC_N_11"
"DLBC","Normal",0.816250363215165,"DLBC_N_12"
"DLBC","Normal",2.11244934360775,"DLBC_N_13"
"DLBC","Normal",1.64820771210762,"DLBC_N_14"
"DLBC","Normal",1.49104932263917,"DLBC_N_15"
"DLBC","Normal",1.03642312292699,"DLBC_N_16"
"DLBC","Normal",2.93747500582012,"DLBC_N_17"
"DLBC","Normal",1.88708168244214,"DLBC_N_18"
"DLBC","Normal",1.77582250372053,"DLBC_N_19"
"DLBC","Normal",0,"DLBC_N_20"
"DLBC","Normal",0.00793446445508739,"DLBC_N_21"
"DLBC","Normal",1.52937301804691,"DLBC_N_22"
"DLBC","Normal",2.29461891073676,"DLBC_N_23"
"DLBC","Normal",1.55596986350089,"DLBC_N_24"
"DLBC","Normal",0.778619267365898,"DLBC_N_25"
"DLBC","Normal",1.45073371220375,"DLBC_N_26"
"DLBC","Normal",1.15626196232749,"DLBC_N_27"
"DLBC","Normal",1.75134204559637,"DLBC_N_28"
"DLBC","Normal",0.843252896286658,"DLBC_N_29"
"DLBC","Normal",0.857941156901977,"DLBC_N_30"
"DLBC","Normal",1.80930391339634,"DLBC_N_31"
"DLBC","Normal",2.32152471592257,"DLBC_N_32"
"DLBC","Normal",2.91685465031788,"DLBC_N_33"
"DLBC","Normal",1.80682841978986,"DLBC_N_34"
"DLBC","Normal",1.28035092793301,"DLBC_N_35"
"DLBC","Normal",0.431310675852521,"DLBC_N_36"
"DLBC","Normal",0.870842544602843,"DLBC_N_37"
"DLBC","Normal",2.47776323348423,"DLBC_N_38"
"DLBC","Normal",1.00017224339022,"DLBC_N_39"
"DLBC","Normal",1.9485488463598,"DLBC_N_40"
"DLBC","Normal",1.32837405705822,"DLBC_N_41"
"DLBC","Normal",2.25702047838159,"DLBC_N_42"
"ESCA","Tumor",0.931559198329046,"ESCA_T_1"
"ESCA","Tumor",0.119335904230325,"ESCA_T_2"
"ESCA","Tumor",0.966683695509739,"ESCA_T_3"
"ESCA","Tumor",1.7786277425249,"ESCA_T_4"
"ESCA","Tumor",0.295068851533422,"ESCA_T_5"
"ESCA","Tumor",2.24976098888765,"ESCA_T_6"
"ESCA","Tumor",1.94912233833767,"ESCA_T_7"
"ESCA","Tumor",0.755563283899695,"ESCA_T_8"
"ESCA","Tumor",1.8861032519014,"ESCA_T_9"
"ESCA","Tumor",2.40785947201418,"ESCA_T_10"
"ESCA","Tumor",2.72087356278208,"ESCA_T_11"
"ESCA","Tumor",1.44693003087381,"ESCA_T_12"
"ESCA","Tumor",1.56614151560929,"ESCA_T_13"
"ESCA","Tumor",1.57306417453841,"ESCA_T_14"
"ESCA","Tumor",3.10124006557538,"ESCA_T_15"
"ESCA","Tumor",2.78485020179833,"ESCA_T_16"
"ESCA","Tumor",2.49417987727737,"ESCA_T_17"
"ESCA","Tumor",1.37243750967964,"ESCA_T_18"
"ESCA","Tumor",2.03301974368674,"ESCA_T_19"
"ESCA","Tumor",2.06306864074103,"ESCA_T_20"
"ESCA","Tumor",0.618105015231012,"ESCA_T_21"
"ESCA","Tumor",0,"ESCA_T_22"
"ESCA","Tumor",2.30160833717195,"ESCA_T_23"
"ESCA","Tumor",0.130467778339912,"ESCA_T_24"
"ESCA","Tumor",1.66146199800454,"ESCA_T_25"
"ESCA","Tumor",1.91002613086867,"ESCA_T_26"
"ESCA","Tumor",2.22364569982622,"ESCA_T_27"
"ESCA","Tumor",1.84920454703514,"ESCA_T_28"
"ESCA","Tumor",0.926924503223209,"ESCA_T_29"
"ESCA","Tumor",2.6461441694158,"ESCA_T_30"
"ESCA","Tumor",3.39841207642658,"ESCA_T_31"
"ESCA","Tumor",2.54095711844578,"ESCA_T_32"
"ESCA","Tumor",0,"ESCA_T_33"
"ESCA","Tumor",3.05935449492328,"ESCA_T_34"
"ESCA","Tumor",1.60372236333407,"ESCA_T_35"
"ESCA","Tumor",2.18469258883962,"ESCA_T_36"
"ESCA","Tumor",2.28181154539139,"ESCA_T_37"
"ESCA","Tumor",1.56309223631363,"ESCA_T_38"
"ESCA","Tumor",1.58451511187161,"ESCA_T_39"
"ESCA","Tumor",2.67893537885123,"ESCA_T_40"
"ESCA","Tumor",2.37138023200658,"ESCA_T_41"
"ESCA","Tumor",2.65004055556457,"ESCA_T_42"
"ESCA","Tumor",4.04270500475066,"ESCA_T_43"
"ESCA","Tumor",2.32419417321442,"ESCA_T_44"
"ESCA","Tumor",1.86715946690564,"ESCA_T_45"
"ESCA","Tumor",0,"ESCA_T_46"
"ESCA","Tumor",4.35149231276645,"ESCA_T_47"
"ESCA","Tumor",1.17710148772403,"ESCA_T_48"
"ESCA","Tumor",4.03451302461573,"ESCA_T_49"
"ESCA","Tumor",2.03442187752532,"ESCA_T_50"
"ESCA","Tumor",3.19820850841713,"ESCA_T_51"
"ESCA","Tumor",1.5500679883441,"ESCA_T_52"
"ESCA","Tumor",2.17124906421846,"ESCA_T_53"
"ESCA","Tumor",1.8737362891626,"ESCA_T_54"
"ESCA","Tumor",1.47365761014684,"ESCA_T_55"
"ESCA","Tumor",1.53938448489784,"ESCA_T_56"
"ESCA","Tumor",2.67261264536459,"ESCA_T_57"
"ESCA","Tumor",1.45832016254883,"ESCA_T_58"
"ESCA","Tumor",0,"ESCA_T_59"
"ESCA","Tumor",1.46388906069051,"ESCA_T_60"
"ESCA","Tumor",2.19956891505661,"ESCA_T_61"
"ESCA","Tumor",2.27623402587177,"ESCA_T_62"
"ESCA","Tumor",2.27634612699777,"ESCA_T_63"
"ESCA","Tumor",0,"ESCA_T_64"
"ESCA","Tumor",2.02852036753153,"ESCA_T_65"
"ESCA","Tumor",2.6276375194674,"ESCA_T_66"
"ESCA","Tumor",2.93635699098799,"ESCA_T_67"
"ESCA","Tumor",1.43481703847622,"ESCA_T_68"
"ESCA","Tumor",1.33788572333753,"ESCA_T_69"
"ESCA","Tumor",3.14761614139837,"ESCA_T_70"
"ESCA","Tumor",0,"ESCA_T_71"
"ESCA","Tumor",1.22294833260721,"ESCA_T_72"
"ESCA","Tumor",2.11724038887779,"ESCA_T_73"
"ESCA","Tumor",0.0420045441391077,"ESCA_T_74"
"ESCA","Tumor",1.93940617195209,"ESCA_T_75"
"ESCA","Tumor",3.53764233057253,"ESCA_T_76"
"ESCA","Tumor",1.65571765608399,"ESCA_T_77"
"ESCA","Tumor",1.38132428455675,"ESCA_T_78"
"ESCA","Tumor",2.13469002355439,"ESCA_T_79"
"ESCA","Tumor",1.38070613873303,"ESCA_T_80"
"ESCA","Tumor",2.4731786835994,"ESCA_T_81"
"ESCA","Tumor",2.56421377397003,"ESCA_T_82"
"ESCA","Tumor",1.66246997075045,"ESCA_T_83"
"ESCA","Tumor",0.483086151770607,"ESCA_T_84"
"ESCA","Tumor",0.341557582061246,"ESCA_T_85"
"ESCA","Tumor",1.06678094386502,"ESCA_T_86"
"ESCA","Tumor",2.45715881007017,"ESCA_T_87"
"ESCA","Tumor",0,"ESCA_T_88"
"ESCA","Tumor",0,"ESCA_T_89"
"ESCA","Tumor",1.00599848476023,"ESCA_T_90"
"ESCA","Tumor",2.05417315750092,"ESCA_T_91"
"ESCA","Tumor",0.746212261355342,"ESCA_T_92"
"ESCA","Tumor",2.54652734661639,"ESCA_T_93"
"ESCA","Tumor",1.99314827967552,"ESCA_T_94"
"ESCA","Tumor",1.48913869128172,"ESCA_T_95"
"ESCA","Tumor",2.47860644605211,"ESCA_T_96"
"ESCA","Tumor",2.0481434723397,"ESCA_T_97"
"ESCA","Normal",1.34467025705486,"ESCA_N_1"
"ESCA","Normal",1.67778899590241,"ESCA_N_2"
"ESCA","Normal",1.44480498540997,"ESCA_N_3"
"ESCA","Normal",0.633370143160751,"ESCA_N_4"
"ESCA","Normal",1.84394007357169,"ESCA_N_5"
"ESCA","Normal",2.08212728996723,"ESCA_N_6"
"ESCA","Normal",1.380797954755,"ESCA_N_7"
"ESCA","Normal",1.27506203949008,"ESCA_N_8"
"ESCA","Normal",1.09927824489646,"ESCA_N_9"
"ESCA","Normal",2.88891098656256,"ESCA_N_10"
"ESCA","Normal",1.38083073522897,"ESCA_N_11"
"ESCA","Normal",1.03314308656038,"ESCA_N_12"
"ESCA","Normal",0,"ESCA_N_13"
"ESCA","Normal",0,"ESCA_N_14"
"ESCA","Normal",1.09763974903188,"ESCA_N_15"
"ESCA","Normal",1.32481354539481,"ESCA_N_16"
"ESCA","Normal",1.38127627660963,"ESCA_N_17"
"ESCA","Normal",1.81698373387923,"ESCA_N_18"
"ESCA","Normal",1.00445638206397,"ESCA_N_19"
"ESCA","Normal",2.13144934510638,"ESCA_N_20"
"ESCA","Normal",0.422565475224672,"ESCA_N_21"
"ESCA","Normal",0.193024133165881,"ESCA_N_22"
"ESCA","Normal",0.176589367477283,"ESCA_N_23"
"ESCA","Normal",1.75361592886955,"ESCA_N_24"
"ESCA","Normal",1.09344235564895,"ESCA_N_25"
"ESCA","Normal",1.79163264697673,"ESCA_N_26"
"ESCA","Normal",0.945613172274666,"ESCA_N_27"
"ESCA","Normal",0.686264627750084,"ESCA_N_28"
"ESCA","Normal",0.865096249419129,"ESCA_N_29"
"ESCA","Normal",0,"ESCA_N_30"
"ESCA","Normal",0.224086101189042,"ESCA_N_31"
"ESCA","Normal",0.00615059243357385,"ESCA_N_32"
"ESCA","Normal",2.00323612710061,"ESCA_N_33"
"ESCA","Normal",0.681914236430094,"ESCA_N_34"
"ESCA","Normal",1.79134619175248,"ESCA_N_35"
"ESCA","Normal",2.3729707908739,"ESCA_N_36"
"ESCA","Normal",1.00635846223238,"ESCA_N_37"
"ESCA","Normal",1.38688143460222,"ESCA_N_38"
"ESCA","Normal",0,"ESCA_N_39"
"ESCA","Normal",0.504842487504492,"ESCA_N_40"
"ESCA","Normal",1.2047501890266,"ESCA_N_41"
"ESCA","Normal",1.39904783218926,"ESCA_N_42"
"GBM","Tumor",2.17415116321892,"GBM_T_1"
"GBM","Tumor",0.809318470311316,"GBM_T_2"
"GBM","Tumor",2.86214882016526,"GBM_T_3"
"GBM","Tumor",4.29006595108965,"GBM_T_4"
"GBM","Tumor",1.23376391463967,"GBM_T_5"
"GBM","Tumor",3.76666271472009,"GBM_T_6"
"GBM","Tumor",3.62352573445726,"GBM_T_7"
"GBM","Tumor",3.00962857457288,"GBM_T_8"
"GBM","Tumor",1.73086481588104,"GBM_T_9"
"GBM","Tumor",1.24530378911764,"GBM_T_10"
"GBM","Tumor",4.13835484245513,"GBM_T_11"
"GBM","Tumor",3.18860850668231,"GBM_T_12"
"GBM","Tumor",2.85703895933267,"GBM_T_13"
"GBM","Tumor",2.91050177424342,"GBM_T_14"
"GBM","Tumor",1.09267751738926,"GBM_T_15"
"GBM","Tumor",3.76020503857899,"GBM_T_16"
"GBM","Tumor",4.22086915554955,"GBM_T_17"
"GBM","Tumor",2.64880019509615,"GBM_T_18"
"GBM","Tumor",1.38947412445917,"GBM_T_19"
"GBM","Tumor",2.30458919656327,"GBM_T_20"
"GBM","Tumor",2.13215113576242,"GBM_T_21"
"GBM","Tumor",3.38904034024688,"GBM_T_22"
"GBM","Tumor",3.01750267588165,"GBM_T_23"
"GBM","Tumor",1.76520682277442,"GBM_T_24"
"GBM","Tumor",2.48316321933319,"GBM_T_25"
"GBM","Tumor",4.1472594913675,"GBM_T_26"
"GBM","Tumor",2.87363234779683,"GBM_T_27"
"GBM","Tumor",3.49254790090686,"GBM_T_28"
"GBM","Tumor",3.66234135685598,"GBM_T_29"
"GBM","Tumor",4.48167368204067,"GBM_T_30"
"GBM","Tumor",0.0656506576686127,"GBM_T_31"
"GBM","Tumor",0.0958180341285639,"GBM_T_32"
"GBM","Tumor",3.39657915326857,"GBM_T_33"
"GBM","Tumor",2.28173284987619,"GBM_T_34"
"GBM","Tumor",3.5467847187862,"GBM_T_35"
"GBM","Tumor",2.92996900926331,"GBM_T_36"
"GBM","Tumor",2.61685376899613,"GBM_T_37"
"GBM","Tumor",2.36641035914938,"GBM_T_38"
"GBM","Tumor",4.1373332423046,"GBM_T_39"
"GBM","Tumor",0.52380154688222,"GBM_T_40"
"GBM","Tumor",2.60661650442516,"GBM_T_41"
"GBM","Tumor",5.02840414403188,"GBM_T_42"
"GBM","Tumor",2.22025236644293,"GBM_T_43"
"GBM","Tumor",3.95000070376764,"GBM_T_44"
"GBM","Tumor",2.97311295334774,"GBM_T_45"
"GBM","Tumor",2.87331918535792,"GBM_T_46"
"GBM","Tumor",2.51121484264819,"GBM_T_47"
"GBM","Tumor",1.95797593773378,"GBM_T_48"
"GBM","Tumor",2.54679755683526,"GBM_T_49"
"GBM","Tumor",2.01052476300076,"GBM_T_50"
"GBM","Tumor",2.90512865743999,"GBM_T_51"
"GBM","Tumor",1.14132108361767,"GBM_T_52"
"GBM","Tumor",2.28062002360478,"GBM_T_53"
"GBM","Tumor",3.63628226786183,"GBM_T_54"
"GBM","Tumor",0.807098054513849,"GBM_T_55"
"GBM","Tumor",3.5959816380093,"GBM_T_56"
"GBM","Tumor",2.18318011666073,"GBM_T_57"
"GBM","Tumor",4.35189479944246,"GBM_T_58"
"GBM","Normal",1.80576672782355,"GBM_N_1"
"GBM","Normal",1.98400696289716,"GBM_N_2"
"GBM","Normal",2.85673301374438,"GBM_N_3"
"GBM","Normal",3.92829959295398,"GBM_N_4"
"GBM","Normal",3.48475167288947,"GBM_N_5"
"GBM","Normal",2.11740408705826,"GBM_N_6"
"GBM","Normal",3.27779638727073,"GBM_N_7"
"GBM","Normal",2.5782033837477,"GBM_N_8"
"GBM","Normal",2.85810898732746,"GBM_N_9"
"GBM","Normal",2.82534725854198,"GBM_N_10"
"GBM","Normal",4.67741787693145,"GBM_N_11"
"GBM","Normal",1.66882701748295,"GBM_N_12"
"GBM","Normal",2.69779395316302,"GBM_N_13"
"GBM","Normal",1.19307623557864,"GBM_N_14"
"GBM","Normal",3.08892680431974,"GBM_N_15"
"GBM","Normal",3.49434484332986,"GBM_N_16"
"GBM","Normal",3.77358785883366,"GBM_N_17"
"GBM","Normal",1.07694186448304,"GBM_N_18"
"GBM","Normal",2.94727366370796,"GBM_N_19"
"GBM","Normal",3.89175402705965,"GBM_N_20"
"GBM","Normal",2.28584537551889,"GBM_N_21"
"GBM","Normal",2.44733764028717,"GBM_N_22"
"GBM","Normal",2.58782828818894,"GBM_N_23"
"GBM","Normal",2.90907306709916,"GBM_N_24"
"GBM","Normal",3.14918596654951,"GBM_N_25"
"GBM","Normal",3.67131477292192,"GBM_N_26"
"GBM","Normal",2.54066799359674,"GBM_N_27"
"GBM","Normal",2.77408050233071,"GBM_N_28"
"GBM","Normal",4.6074563677299,"GBM_N_29"
"GBM","Normal",2.96193720844473,"GBM_N_30"
"GBM","Normal",2.7680605534166,"GBM_N_31"
"GBM","Normal",1.54326356572597,"GBM_N_32"
"GBM","Normal",2.61934290405051,"GBM_N_33"
"GBM","Normal",2.43999714341923,"GBM_N_34"
"GBM","Normal",2.60822140210523,"GBM_N_35"
"GBM","Normal",2.1567239529358,"GBM_N_36"
"GBM","Normal",2.06760554399857,"GBM_N_37"
"GBM","Normal",2.04043916049664,"GBM_N_38"
"GBM","Normal",2.44545445363291,"GBM_N_39"
"GBM","Normal",3.71156418437563,"GBM_N_40"
"GBM","Normal",3.4563273672002,"GBM_N_41"
"GBM","Normal",2.32907797159829,"GBM_N_42"
"GBM","Normal",1.26832490232174,"GBM_N_43"
"HNSC","Tumor",2.93435250468931,"HNSC_T_1"
"HNSC","Tumor",5.03397842943078,"HNSC_T_2"
"HNSC","Tumor",3.30438096254842,"HNSC_T_3"
"HNSC","Tumor",2.82156829940843,"HNSC_T_4"
"HNSC","Tumor",3.60893521411314,"HNSC_T_5"
"HNSC","Tumor",2.765353202947,"HNSC_T_6"
"HNSC","Tumor",2.07466247998976,"HNSC_T_7"
"HNSC","Tumor",3.81067357822363,"HNSC_T_8"
"HNSC","Tumor",2.80295495143581,"HNSC_T_9"
"HNSC","Tumor",3.2817622924812,"HNSC_T_10"
"HNSC","Tumor",2.96648751289959,"HNSC_T_11"
"HNSC","Tumor",2.83960999183281,"HNSC_T_12"
"HNSC","Tumor",3.00361132258049,"HNSC_T_13"
"HNSC","Tumor",1.28558763479488,"HNSC_T_14"
"HNSC","Tumor",3.16318261190803,"HNSC_T_15"
"HNSC","Tumor",1.62141274882462,"HNSC_T_16"
"HNSC","Tumor",2.64157959601123,"HNSC_T_17"
"HNSC","Tumor",2.67330719452727,"HNSC_T_18"
"HNSC","Tumor",2.36548903088178,"HNSC_T_19"
"HNSC","Tumor",1.23094115239082,"HNSC_T_20"
"HNSC","Tumor",4.43868414877977,"HNSC_T_21"
"HNSC","Tumor",2.5173757268647,"HNSC_T_22"
"HNSC","Tumor",0.897943360167255,"HNSC_T_23"
"HNSC","Tumor",1.68502675924855,"HNSC_T_24"
"HNSC","Tumor",3.53852419359514,"HNSC_T_25"
"HNSC","Tumor",3.3651725698923,"HNSC_T_26"
"HNSC","Tumor",2.11908772330793,"HNSC_T_27"
"HNSC","Tumor",3.11091100068618,"HNSC_T_28"
"HNSC","Tumor",3.65526504698559,"HNSC_T_29"
"HNSC","Tumor",3.07679026351719,"HNSC_T_30"
"HNSC","Tumor",2.02493718758783,"HNSC_T_31"
"HNSC","Tumor",3.39311957801708,"HNSC_T_32"
"HNSC","Tumor",2.05658539645402,"HNSC_T_33"
"HNSC","Tumor",2.61062575002198,"HNSC_T_34"
"HNSC","Tumor",3.43213303624779,"HNSC_T_35"
"HNSC","Tumor",1.66132121793973,"HNSC_T_36"
"HNSC","Tumor",1.98347991230954,"HNSC_T_37"
"HNSC","Tumor",1.87839788136491,"HNSC_T_38"
"HNSC","Tumor",2.31607915818627,"HNSC_T_39"
"HNSC","Tumor",0.97378573770598,"HNSC_T_40"
"HNSC","Tumor",2.84865948405109,"HNSC_T_41"
"HNSC","Tumor",3.84040584544256,"HNSC_T_42"
"HNSC","Tumor",2.78190613966313,"HNSC_T_43"
"HNSC","Tumor",3.05512771055949,"HNSC_T_44"
"HNSC","Tumor",2.21242572885338,"HNSC_T_45"
"HNSC","Tumor",1.79099627758237,"HNSC_T_46"
"HNSC","Tumor",2.572996725953,"HNSC_T_47"
"HNSC","Tumor",1.85233646244884,"HNSC_T_48"
"HNSC","Tumor",1.58633876709156,"HNSC_T_49"
"HNSC","Tumor",2.55303939487446,"HNSC_T_50"
"HNSC","Tumor",2.00475174724393,"HNSC_T_51"
"HNSC","Tumor",1.70348623092254,"HNSC_T_52"
"HNSC","Tumor",1.66681998523074,"HNSC_T_53"
"HNSC","Tumor",3.92046175411427,"HNSC_T_54"
"HNSC","Tumor",3.35662159100125,"HNSC_T_55"
"HNSC","Tumor",2.54624558905427,"HNSC_T_56"
"HNSC","Tumor",1.61530253994471,"HNSC_T_57"
"HNSC","Tumor",2.71173995303392,"HNSC_T_58"
"HNSC","Tumor",2.9714402495563,"HNSC_T_59"
"HNSC","Tumor",1.08341151675084,"HNSC_T_60"
"HNSC","Normal",3.00800949733712,"HNSC_N_1"
"HNSC","Normal",2.37533132154977,"HNSC_N_2"
"HNSC","Normal",4.10851663128028,"HNSC_N_3"
"HNSC","Normal",2.7237093232025,"HNSC_N_4"
"HNSC","Normal",1.81798328559203,"HNSC_N_5"
"HNSC","Normal",4.4134636503281,"HNSC_N_6"
"HNSC","Normal",4.44133155189403,"HNSC_N_7"
"HNSC","Normal",1.20058127972948,"HNSC_N_8"
"HNSC","Normal",2.55077629752596,"HNSC_N_9"
"HNSC","Normal",2.0065531978559,"HNSC_N_10"
"HNSC","Normal",2.32519165000483,"HNSC_N_11"
"HNSC","Normal",2.35758491561667,"HNSC_N_12"
"HNSC","Normal",1.16603036246638,"HNSC_N_13"
"HNSC","Normal",2.40402239695567,"HNSC_N_14"
"HNSC","Normal",3.57494862327506,"HNSC_N_15"
"HNSC","Normal",2.04427872945378,"HNSC_N_16"
"HNSC","Normal",2.04520936420286,"HNSC_N_17"
"HNSC","Normal",3.29440833783159,"HNSC_N_18"
"HNSC","Normal",2.89426772530798,"HNSC_N_19"
"HNSC","Normal",0.856754878056593,"HNSC_N_20"
"KICH","Tumor",0.806614516952216,"KICH_T_1"
"KICH","Tumor",0.652889066474305,"KICH_T_2"
"KICH","Tumor",2.5757776704395,"KICH_T_3"
"KICH","Tumor",2.23688242800415,"KICH_T_4"
"KICH","Tumor",2.83189231908049,"KICH_T_5"
"KICH","Tumor",2.7696768220183,"KICH_T_6"
"KICH","Tumor",0,"KICH_T_7"
"KICH","Tumor",1.17608787609422,"KICH_T_8"
"KICH","Tumor",3.29349123991383,"KICH_T_9"
"KICH","Tumor",3.15145871451105,"KICH_T_10"
"KICH","Tumor",1.53725165498978,"KICH_T_11"
"KICH","Tumor",2.52082422371035,"KICH_T_12"
"KICH","Tumor",1.52227085049746,"KICH_T_13"
"KICH","Tumor",0.135090251864741,"KICH_T_14"
"KICH","Tumor",2.30519153504464,"KICH_T_15"
"KICH","Tumor",0.55466808512459,"KICH_T_16"
"KICH","Tumor",2.15400678560791,"KICH_T_17"
"KICH","Tumor",4.13266366065859,"KICH_T_18"
"KICH","Tumor",1.30903011137438,"KICH_T_19"
"KICH","Tumor",1.26905692093439,"KICH_T_20"
"KICH","Tumor",0,"KICH_T_21"
"KICH","Tumor",2.44074334474627,"KICH_T_22"
"KICH","Tumor",1.57721757128101,"KICH_T_23"
"KICH","Tumor",0.295339557528351,"KICH_T_24"
"KICH","Tumor",1.41374055418117,"KICH_T_25"
"KICH","Tumor",3.58606259603639,"KICH_T_26"
"KICH","Tumor",2.36814494895628,"KICH_T_27"
"KICH","Tumor",0.961061764046578,"KICH_T_28"
"KICH","Tumor",2.77418732523329,"KICH_T_29"
"KICH","Tumor",1.2101752380458,"KICH_T_30"
"KICH","Tumor",1.775197213966,"KICH_T_31"
"KICH","Tumor",1.01709935595996,"KICH_T_32"
"KICH","Tumor",0,"KICH_T_33"
"KICH","Tumor",2.78797325009181,"KICH_T_34"
"KICH","Tumor",2.20803907515009,"KICH_T_35"
"KICH","Tumor",1.01168753538776,"KICH_T_36"
"KICH","Tumor",0,"KICH_T_37"
"KICH","Tumor",1.8498880688217,"KICH_T_38"
"KICH","Tumor",3.27536412393501,"KICH_T_39"
"KICH","Tumor",1.48119624649211,"KICH_T_40"
"KICH","Tumor",0.75223029265051,"KICH_T_41"
"KICH","Tumor",1.94619733600405,"KICH_T_42"
"KICH","Tumor",2.67181844800721,"KICH_T_43"
"KICH","Tumor",1.8284971704433,"KICH_T_44"
"KICH","Tumor",0.877842270775733,"KICH_T_45"
"KICH","Tumor",0.144063808006202,"KICH_T_46"
"KICH","Tumor",0.504148254513055,"KICH_T_47"
"KICH","Tumor",1.50388979636608,"KICH_T_48"
"KICH","Tumor",2.33468731154756,"KICH_T_49"
"KICH","Tumor",3.60414889501817,"KICH_T_50"
"KICH","Tumor",0.799824435066453,"KICH_T_51"
"KICH","Tumor",1.2718281089005,"KICH_T_52"
"KICH","Tumor",2.71780876415506,"KICH_T_53"
"KICH","Tumor",1.54251988083448,"KICH_T_54"
"KICH","Tumor",0.636692838083785,"KICH_T_55"
"KICH","Tumor",2.32541592696129,"KICH_T_56"
"KICH","Tumor",4.48825580317983,"KICH_T_57"
"KICH","Tumor",4.11893893428717,"KICH_T_58"
"KICH","Tumor",1.63064532771293,"KICH_T_59"
"KICH","Tumor",1.66133171177986,"KICH_T_60"
"KICH","Tumor",1.6046925807187,"KICH_T_61"
"KICH","Tumor",0.148669967103165,"KICH_T_62"
"KICH","Tumor",2.79428085325328,"KICH_T_63"
"KICH","Tumor",2.60279789160872,"KICH_T_64"
"KICH","Tumor",2.2048373143865,"KICH_T_65"
"KICH","Tumor",1.70400164302576,"KICH_T_66"
"KICH","Tumor",0,"KICH_T_67"
"KICH","Tumor",2.45311269135085,"KICH_T_68"
"KICH","Tumor",2.45154643884301,"KICH_T_69"
"KICH","Tumor",0.843776155381155,"KICH_T_70"
"KICH","Tumor",3.2682936648348,"KICH_T_71"
"KICH","Tumor",2.56568367685778,"KICH_T_72"
"KICH","Tumor",2.02092895909561,"KICH_T_73"
"KICH","Tumor",0.655626303966954,"KICH_T_74"
"KICH","Tumor",2.36298720148641,"KICH_T_75"
"KICH","Tumor",0,"KICH_T_76"
"KICH","Tumor",2.03971236666913,"KICH_T_77"
"KICH","Tumor",2.33542115564691,"KICH_T_78"
"KICH","Tumor",1.21534049047767,"KICH_T_79"
"KICH","Tumor",2.23731973368917,"KICH_T_80"
"KICH","Tumor",0.555326210905817,"KICH_T_81"
"KICH","Tumor",0.526329087566676,"KICH_T_82"
"KICH","Tumor",2.14811941407973,"KICH_T_83"
"KICH","Tumor",1.28131834173031,"KICH_T_84"
"KICH","Tumor",2.1283447871627,"KICH_T_85"
"KICH","Normal",3.2294520204041,"KICH_N_1"
"KICH","Normal",0.557077312525439,"KICH_N_2"
"KICH","Normal",2.13599204422925,"KICH_N_3"
"KICH","Normal",1.9499804896895,"KICH_N_4"
"KICH","Normal",1.23370532803059,"KICH_N_5"
"KICH","Normal",0.926943608229261,"KICH_N_6"
"KICH","Normal",2.55010687294486,"KICH_N_7"
"KICH","Normal",0,"KICH_N_8"
"KICH","Normal",0.775304874199942,"KICH_N_9"
"KICH","Normal",0.140385952548652,"KICH_N_10"
"KICH","Normal",2.40611145863173,"KICH_N_11"
"KICH","Normal",1.13729796135899,"KICH_N_12"
"KICH","Normal",0.870123747899135,"KICH_N_13"
"KICH","Normal",3.83709628672794,"KICH_N_14"
"KICH","Normal",1.24983089316477,"KICH_N_15"
"KICH","Normal",0.934861257981654,"KICH_N_16"
"KICH","Normal",1.52975290758379,"KICH_N_17"
"KICH","Normal",0.0351210108708973,"KICH_N_18"
"KICH","Normal",1.68210282161253,"KICH_N_19"
"KICH","Normal",1.2129301466109,"KICH_N_20"
"KICH","Normal",1.66468080549899,"KICH_N_21"
"KICH","Normal",0.503964198724589,"KICH_N_22"
"KICH","Normal",0.471473633756518,"KICH_N_23"
"KICH","Normal",0.735128976853925,"KICH_N_24"
"KICH","Normal",0.675469049000647,"KICH_N_25"
"KICH","Normal",2.32910068082174,"KICH_N_26"
"KICH","Normal",2.55317715692135,"KICH_N_27"
"KICH","Normal",1.16434714504362,"KICH_N_28"
"KICH","Normal",1.00271145900713,"KICH_N_29"
"KICH","Normal",1.02662964313754,"KICH_N_30"
"KICH","Normal",1.34524988975729,"KICH_N_31"
"KICH","Normal",1.36738409443572,"KICH_N_32"
"KICH","Normal",1.52188821768733,"KICH_N_33"
"KICH","Normal",0.692517554637868,"KICH_N_34"
"KICH","Normal",0.612343596418617,"KICH_N_35"
"KICH","Normal",2.24752283847174,"KICH_N_36"
"KICH","Normal",0.850958818592214,"KICH_N_37"
"KICH","Normal",1.53229726365523,"KICH_N_38"
"KICH","Normal",1.24428428043221,"KICH_N_39"
"KICH","Normal",0.523581193754337,"KICH_N_40"
"KICH","Normal",1.76271023500408,"KICH_N_41"
"KICH","Normal",1.42834460626924,"KICH_N_42"
"KICH","Normal",2.40968739244488,"KICH_N_43"
"KICH","Normal",1.38382837517646,"KICH_N_44"
"KICH","Normal",1.02462410091419,"KICH_N_45"
"KICH","Normal",1.51249663811916,"KICH_N_46"
"KICH","Normal",0.341387388246601,"KICH_N_47"
"KIRC","Tumor",3.33154600982942,"KIRC_T_1"
"KIRC","Tumor",3.78059065935797,"KIRC_T_2"
"KIRC","Tumor",2.5243896290638,"KIRC_T_3"
"KIRC","Tumor",1.85005062629459,"KIRC_T_4"
"KIRC","Tumor",3.39655619522112,"KIRC_T_5"
"KIRC","Tumor",2.45797544734151,"KIRC_T_6"
"KIRC","Tumor",3.83445353071723,"KIRC_T_7"
"KIRC","Tumor",1.80827473872471,"KIRC_T_8"
"KIRC","Tumor",4.87144486832674,"KIRC_T_9"
"KIRC","Tumor",4.67548171164502,"KIRC_T_10"
"KIRC","Tumor",2.25100733817453,"KIRC_T_11"
"KIRC","Tumor",4.67965678021008,"KIRC_T_12"
"KIRC","Tumor",1.80941618639134,"KIRC_T_13"
"KIRC","Tumor",2.91653115800121,"KIRC_T_14"
"KIRC","Tumor",3.1720717602968,"KIRC_T_15"
"KIRC","Tumor",4.19000675883814,"KIRC_T_16"
"KIRC","Tumor",3.87332602319417,"KIRC_T_17"
"KIRC","Tumor",1.75640470291984,"KIRC_T_18"
"KIRC","Tumor",2.54648637581388,"KIRC_T_19"
"KIRC","Tumor",3.06478609260187,"KIRC_T_20"
"KIRC","Tumor",3.82491563607091,"KIRC_T_21"
"KIRC","Tumor",4.51790361400441,"KIRC_T_22"
"KIRC","Tumor",2.62598578963541,"KIRC_T_23"
"KIRC","Tumor",3.68481141246649,"KIRC_T_24"
"KIRC","Tumor",3.44060981015796,"KIRC_T_25"
"KIRC","Tumor",3.03098370501387,"KIRC_T_26"
"KIRC","Tumor",3.18737091264483,"KIRC_T_27"
"KIRC","Tumor",2.57840619638436,"KIRC_T_28"
"KIRC","Tumor",3.17568932506216,"KIRC_T_29"
"KIRC","Tumor",4.84301264548526,"KIRC_T_30"
"KIRC","Tumor",0.853553793705912,"KIRC_T_31"
"KIRC","Tumor",2.94863072438436,"KIRC_T_32"
"KIRC","Tumor",2.17853417738429,"KIRC_T_33"
"KIRC","Tumor",4.08222249027843,"KIRC_T_34"
"KIRC","Tumor",3.81600509497541,"KIRC_T_35"
"KIRC","Tumor",0.938551207499633,"KIRC_T_36"
"KIRC","Tumor",3.18777573446233,"KIRC_T_37"
"KIRC","Tumor",5.85714611166356,"KIRC_T_38"
"KIRC","Tumor",3.37408869910385,"KIRC_T_39"
"KIRC","Tumor",4.54846924655481,"KIRC_T_40"
"KIRC","Tumor",3.53914372963799,"KIRC_T_41"
"KIRC","Tumor",4.64034699440957,"KIRC_T_42"
"KIRC","Tumor",2.77154405902452,"KIRC_T_43"
"KIRC","Tumor",3.66648746188805,"KIRC_T_44"
"KIRC","Tumor",3.17297097188428,"KIRC_T_45"
"KIRC","Tumor",3.71434242434677,"KIRC_T_46"
"KIRC","Tumor",1.00633139215545,"KIRC_T_47"
"KIRC","Tumor",1.9830780334826,"KIRC_T_48"
"KIRC","Tumor",3.09563721997265,"KIRC_T_49"
"KIRC","Tumor",2.84599688681421,"KIRC_T_50"
"KIRC","Tumor",4.21345958151587,"KIRC_T_51"
"KIRC","Tumor",2.96039617396287,"KIRC_T_52"
"KIRC","Tumor",3.24988988717682,"KIRC_T_53"
"KIRC","Tumor",4.27970410135528,"KIRC_T_54"
"KIRC","Tumor",3.93625178535624,"KIRC_T_55"
"KIRC","Tumor",2.98308057131934,"KIRC_T_56"
"KIRC","Tumor",3.91448776354854,"KIRC_T_57"
"KIRC","Tumor",3.34092881456852,"KIRC_T_58"
"KIRC","Tumor",3.7164812313573,"KIRC_T_59"
"KIRC","Tumor",4.09511068489642,"KIRC_T_60"
"KIRC","Tumor",2.56785464983519,"KIRC_T_61"
"KIRC","Tumor",1.68879089528196,"KIRC_T_62"
"KIRC","Tumor",4.22808600428567,"KIRC_T_63"
"KIRC","Tumor",1.66610349358251,"KIRC_T_64"
"KIRC","Tumor",3.46303088138482,"KIRC_T_65"
"KIRC","Tumor",2.84884059021014,"KIRC_T_66"
"KIRC","Tumor",4.0113767561341,"KIRC_T_67"
"KIRC","Tumor",5.5166857952945,"KIRC_T_68"
"KIRC","Tumor",2.59870873221026,"KIRC_T_69"
"KIRC","Tumor",3.13646429196898,"KIRC_T_70"
"KIRC","Tumor",3.52997455790008,"KIRC_T_71"
"KIRC","Tumor",2.41600466819024,"KIRC_T_72"
"KIRC","Tumor",2.84685628109033,"KIRC_T_73"
"KIRC","Tumor",1.97444697766585,"KIRC_T_74"
"KIRC","Tumor",1.58935073656976,"KIRC_T_75"
"KIRC","Tumor",2.32020137711997,"KIRC_T_76"
"KIRC","Tumor",3.48381128607909,"KIRC_T_77"
"KIRC","Tumor",3.2469127864592,"KIRC_T_78"
"KIRC","Tumor",2.30270051918675,"KIRC_T_79"
"KIRC","Tumor",2.79372653685612,"KIRC_T_80"
"KIRC","Tumor",2.76471005379382,"KIRC_T_81"
"KIRC","Tumor",2.60020719088336,"KIRC_T_82"
"KIRC","Tumor",2.21705747899783,"KIRC_T_83"
"KIRC","Tumor",3.58209859589367,"KIRC_T_84"
"KIRC","Tumor",3.80572550164158,"KIRC_T_85"
"KIRC","Tumor",2.62448100126547,"KIRC_T_86"
"KIRC","Tumor",4.63696274741068,"KIRC_T_87"
"KIRC","Tumor",4.2730978728954,"KIRC_T_88"
"KIRC","Normal",1.90264431743933,"KIRC_N_1"
"KIRC","Normal",3.10370877133239,"KIRC_N_2"
"KIRC","Normal",2.37461230573957,"KIRC_N_3"
"KIRC","Normal",2.68806136744793,"KIRC_N_4"
"KIRC","Normal",3.39405666473636,"KIRC_N_5"
"KIRC","Normal",2.81558234722483,"KIRC_N_6"
"KIRC","Normal",2.26940546884804,"KIRC_N_7"
"KIRC","Normal",2.18923363321068,"KIRC_N_8"
"KIRC","Normal",3.01997823509088,"KIRC_N_9"
"KIRC","Normal",3.03520450448484,"KIRC_N_10"
"KIRC","Normal",2.40888309794439,"KIRC_N_11"
"KIRC","Normal",3.03665600075956,"KIRC_N_12"
"KIRC","Normal",2.02477083374128,"KIRC_N_13"
"KIRC","Normal",4.18706727776242,"KIRC_N_14"
"KIRC","Normal",1.62320910732541,"KIRC_N_15"
"KIRC","Normal",4.07432531402248,"KIRC_N_16"
"KIRC","Normal",2.85996813498293,"KIRC_N_17"
"KIRC","Normal",2.76147727483941,"KIRC_N_18"
"KIRC","Normal",1.69739788628005,"KIRC_N_19"
"KIRC","Normal",3.38435991679865,"KIRC_N_20"
"KIRC","Normal",3.79293661285773,"KIRC_N_21"
"KIRC","Normal",1.94412440011309,"KIRC_N_22"
"KIRC","Normal",3.32434225660857,"KIRC_N_23"
"KIRC","Normal",3.82358017107525,"KIRC_N_24"
"KIRC","Normal",4.133897900657,"KIRC_N_25"
"KIRC","Normal",2.072909672689,"KIRC_N_26"
"KIRC","Normal",1.94973838959091,"KIRC_N_27"
"KIRP","Tumor",2.32001358611243,"KIRP_T_1"
"KIRP","Tumor",2.45864995199345,"KIRP_T_2"
"KIRP","Tumor",4.30092081397721,"KIRP_T_3"
"KIRP","Tumor",3.02290627469799,"KIRP_T_4"
"KIRP","Tumor",4.15698291228578,"KIRP_T_5"
"KIRP","Tumor",2.69096824527063,"KIRP_T_6"
"KIRP","Tumor",4.11617348192772,"KIRP_T_7"
"KIRP","Tumor",3.27043074057743,"KIRP_T_8"
"KIRP","Tumor",3.07482913087454,"KIRP_T_9"
"KIRP","Tumor",1.3242896205908,"KIRP_T_10"
"KIRP","Tumor",1.76733048796653,"KIRP_T_11"
"KIRP","Tumor",3.90012901072322,"KIRP_T_12"
"KIRP","Tumor",1.89447367305815,"KIRP_T_13"
"KIRP","Tumor",2.12325494836856,"KIRP_T_14"
"KIRP","Tumor",3.35272001427728,"KIRP_T_15"
"KIRP","Tumor",4.10474713040004,"KIRP_T_16"
"KIRP","Tumor",2.89552327769265,"KIRP_T_17"
"KIRP","Tumor",4.01927819403382,"KIRP_T_18"
"KIRP","Tumor",1.92996549556493,"KIRP_T_19"
"KIRP","Tumor",4.19245705505102,"KIRP_T_20"
"KIRP","Tumor",3.95226178707728,"KIRP_T_21"
"KIRP","Tumor",2.65604824168306,"KIRP_T_22"
"KIRP","Tumor",3.49570850750252,"KIRP_T_23"
"KIRP","Tumor",4.39467146682192,"KIRP_T_24"
"KIRP","Tumor",2.18656185372855,"KIRP_T_25"
"KIRP","Tumor",2.29704171641028,"KIRP_T_26"
"KIRP","Tumor",3.219436551892,"KIRP_T_27"
"KIRP","Tumor",2.76728906450193,"KIRP_T_28"
"KIRP","Tumor",2.94186254087791,"KIRP_T_29"
"KIRP","Tumor",3.8334387906685,"KIRP_T_30"
"KIRP","Tumor",3.40780100547958,"KIRP_T_31"
"KIRP","Tumor",4.71419238148341,"KIRP_T_32"
"KIRP","Tumor",2.16524093031607,"KIRP_T_33"
"KIRP","Tumor",3.70878828576532,"KIRP_T_34"
"KIRP","Tumor",3.21402971278199,"KIRP_T_35"
"KIRP","Tumor",2.21863813657923,"KIRP_T_36"
"KIRP","Tumor",1.49326807703384,"KIRP_T_37"
"KIRP","Tumor",3.8521079269612,"KIRP_T_38"
"KIRP","Tumor",3.10635668102383,"KIRP_T_39"
"KIRP","Tumor",1.89779181271838,"KIRP_T_40"
"KIRP","Tumor",3.48205100097327,"KIRP_T_41"
"KIRP","Tumor",3.09137824843622,"KIRP_T_42"
"KIRP","Tumor",4.7870336757602,"KIRP_T_43"
"KIRP","Tumor",2.26363295281712,"KIRP_T_44"
"KIRP","Tumor",4.029972540453,"KIRP_T_45"
"KIRP","Tumor",2.54823256725269,"KIRP_T_46"
"KIRP","Tumor",1.73037202060591,"KIRP_T_47"
"KIRP","Tumor",4.36710540163494,"KIRP_T_48"
"KIRP","Tumor",0.910068055637421,"KIRP_T_49"
"KIRP","Tumor",3.46149548555048,"KIRP_T_50"
"KIRP","Tumor",3.74036201002954,"KIRP_T_51"
"KIRP","Tumor",3.59404218442208,"KIRP_T_52"
"KIRP","Tumor",2.5854547427454,"KIRP_T_53"
"KIRP","Tumor",2.26725663547724,"KIRP_T_54"
"KIRP","Tumor",3.66919836292904,"KIRP_T_55"
"KIRP","Tumor",3.29516920821608,"KIRP_T_56"
"KIRP","Tumor",2.0489096873185,"KIRP_T_57"
"KIRP","Tumor",2.21780181827645,"KIRP_T_58"
"KIRP","Tumor",2.11963582559451,"KIRP_T_59"
"KIRP","Tumor",1.28711061858512,"KIRP_T_60"
"KIRP","Tumor",4.24315438000076,"KIRP_T_61"
"KIRP","Tumor",3.0495572730602,"KIRP_T_62"
"KIRP","Tumor",2.80868966150568,"KIRP_T_63"
"KIRP","Tumor",4.66548510473712,"KIRP_T_64"
"KIRP","Tumor",3.80001497900955,"KIRP_T_65"
"KIRP","Tumor",4.74614459747375,"KIRP_T_66"
"KIRP","Tumor",5.46836992255016,"KIRP_T_67"
"KIRP","Normal",1.75633987472583,"KIRP_N_1"
"KIRP","Normal",3.01564459761866,"KIRP_N_2"
"KIRP","Normal",1.99888424381372,"KIRP_N_3"
"KIRP","Normal",2.93252126864253,"KIRP_N_4"
"KIRP","Normal",2.57214565034169,"KIRP_N_5"
"KIRP","Normal",1.54243789669138,"KIRP_N_6"
"KIRP","Normal",2.05680141204186,"KIRP_N_7"
"KIRP","Normal",3.39737760466616,"KIRP_N_8"
"KIRP","Normal",3.41174850938368,"KIRP_N_9"
"KIRP","Normal",4.29374626006052,"KIRP_N_10"
"KIRP","Normal",2.6864233939002,"KIRP_N_11"
"KIRP","Normal",1.49262618943431,"KIRP_N_12"
"KIRP","Normal",2.0745540190079,"KIRP_N_13"
"KIRP","Normal",3.01607844449214,"KIRP_N_14"
"KIRP","Normal",4.2093967085358,"KIRP_N_15"
"KIRP","Normal",2.7772949393718,"KIRP_N_16"
"KIRP","Normal",3.6015971007228,"KIRP_N_17"
"KIRP","Normal",3.30375268437383,"KIRP_N_18"
"KIRP","Normal",1.75481434292616,"KIRP_N_19"
"KIRP","Normal",2.55239751880814,"KIRP_N_20"
"KIRP","Normal",3.73349686969817,"KIRP_N_21"
"LAML","Tumor",3.60733528491984,"LAML_T_1"
"LAML","Tumor",3.93123312274445,"LAML_T_2"
"LAML","Tumor",2.00025407451732,"LAML_T_3"
"LAML","Tumor",0.729578839783584,"LAML_T_4"
"LAML","Tumor",3.73273043938332,"LAML_T_5"
"LAML","Tumor",1.63344344736804,"LAML_T_6"
"LAML","Tumor",2.9770724709925,"LAML_T_7"
"LAML","Tumor",1.72118659349112,"LAML_T_8"
"LAML","Tumor",3.03650737908468,"LAML_T_9"
"LAML","Tumor",2.75527288118574,"LAML_T_10"
"LAML","Tumor",4.3211687635124,"LAML_T_11"
"LAML","Tumor",2.80854656285028,"LAML_T_12"
"LAML","Tumor",2.34733682556337,"LAML_T_13"
"LAML","Tumor",2.58666697606955,"LAML_T_14"
"LAML","Tumor",2.68458339913259,"LAML_T_15"
"LAML","Tumor",2.32547716779396,"LAML_T_16"
"LAML","Tumor",3.09404329734396,"LAML_T_17"
"LAML","Tumor",2.55386018790115,"LAML_T_18"
"LAML","Tumor",2.66057404886352,"LAML_T_19"
"LAML","Tumor",3.9999190976131,"LAML_T_20"
"LAML","Tumor",1.39434253763928,"LAML_T_21"
"LAML","Tumor",2.40867454335553,"LAML_T_22"
"LAML","Tumor",3.52502106872345,"LAML_T_23"
"LAML","Tumor",4.91115082900635,"LAML_T_24"
"LAML","Tumor",3.11706699283532,"LAML_T_25"
"LAML","Tumor",0.553450244461151,"LAML_T_26"
"LAML","Tumor",4.23246283928542,"LAML_T_27"
"LAML","Tumor",2.81934619239965,"LAML_T_28"
"LAML","Tumor",2.81841895397993,"LAML_T_29"
"LAML","Tumor",2.65458699204517,"LAML_T_30"
"LAML","Tumor",3.30047002609969,"LAML_T_31"
"LAML","Tumor",4.14206277041753,"LAML_T_32"
"LAML","Tumor",3.04898442282323,"LAML_T_33"
"LAML","Tumor",1.45567674024509,"LAML_T_34"
"LAML","Tumor",3.17499247517127,"LAML_T_35"
"LAML","Tumor",4.24381180206419,"LAML_T_36"
"LAML","Tumor",4.51626844192428,"LAML_T_37"
"LAML","Tumor",2.61789512426904,"LAML_T_38"
"LAML","Tumor",3.84885873184234,"LAML_T_39"
"LAML","Tumor",1.7816545040318,"LAML_T_40"
"LAML","Tumor",5.16980625717189,"LAML_T_41"
"LAML","Tumor",3.46159007689835,"LAML_T_42"
"LAML","Tumor",2.61772073737632,"LAML_T_43"
"LAML","Tumor",4.08101598756853,"LAML_T_44"
"LAML","Tumor",2.56545454762214,"LAML_T_45"
"LAML","Tumor",2.11798625588833,"LAML_T_46"
"LAML","Tumor",2.59365711180945,"LAML_T_47"
"LAML","Tumor",3.06756012338479,"LAML_T_48"
"LAML","Tumor",3.79839524850762,"LAML_T_49"
"LAML","Tumor",2.57317845776181,"LAML_T_50"
"LAML","Tumor",2.93677496348242,"LAML_T_51"
"LAML","Tumor",3.93872563150334,"LAML_T_52"
"LAML","Tumor",2.66704217713365,"LAML_T_53"
"LAML","Tumor",3.50896417827312,"LAML_T_54"
"LAML","Tumor",3.42952889152448,"LAML_T_55"
"LAML","Tumor",2.2674656956167,"LAML_T_56"
"LAML","Tumor",2.06158718790231,"LAML_T_57"
"LAML","Tumor",2.29577364170756,"LAML_T_58"
"LAML","Tumor",1.11463904703725,"LAML_T_59"
"LAML","Tumor",2.66527864771081,"LAML_T_60"
"LAML","Tumor",4.38955224393101,"LAML_T_61"
"LAML","Tumor",3.56650747957169,"LAML_T_62"
"LAML","Tumor",2.08984607784673,"LAML_T_63"
"LAML","Tumor",2.46938846537904,"LAML_T_64"
"LAML","Tumor",3.63666189530296,"LAML_T_65"
"LAML","Tumor",4.40986109638187,"LAML_T_66"
"LAML","Tumor",2.59541096253122,"LAML_T_67"
"LAML","Tumor",1.618271397003,"LAML_T_68"
"LAML","Tumor",1.86251788589632,"LAML_T_69"
"LAML","Tumor",3.95341208772232,"LAML_T_70"
"LAML","Tumor",2.28220822966042,"LAML_T_71"
"LAML","Tumor",4.61386371292297,"LAML_T_72"
"LAML","Tumor",3.41363371757475,"LAML_T_73"
"LAML","Tumor",3.1816352414613,"LAML_T_74"
"LAML","Tumor",4.3030405368391,"LAML_T_75"
"LAML","Tumor",1.19723767035392,"LAML_T_76"
"LAML","Tumor",3.95334970799492,"LAML_T_77"
"LAML","Tumor",4.57006796185098,"LAML_T_78"
"LAML","Tumor",1.95332832302156,"LAML_T_79"
"LAML","Tumor",2.62557145334948,"LAML_T_80"
"LAML","Tumor",3.30603188716065,"LAML_T_81"
"LAML","Tumor",1.50490158316438,"LAML_T_82"
"LAML","Tumor",3.05678638670074,"LAML_T_83"
"LAML","Tumor",2.33242778390949,"LAML_T_84"
"LAML","Tumor",3.2349118227662,"LAML_T_85"
"LAML","Tumor",2.64173579428036,"LAML_T_86"
"LAML","Tumor",3.52307020282507,"LAML_T_87"
"LAML","Tumor",2.74222933621211,"LAML_T_88"
"LAML","Tumor",2.3968012455836,"LAML_T_89"
"LAML","Tumor",3.23652682772205,"LAML_T_90"
"LAML","Tumor",3.47950304297322,"LAML_T_91"
"LAML","Tumor",3.43843964185697,"LAML_T_92"
"LAML","Tumor",3.15350123353393,"LAML_T_93"
"LAML","Tumor",2.18711651994082,"LAML_T_94"
"LAML","Tumor",1.57803303450745,"LAML_T_95"
"LAML","Tumor",4.50045804844926,"LAML_T_96"
"LAML","Normal",2.243654875575,"LAML_N_1"
"LAML","Normal",2.34363259259579,"LAML_N_2"
"LAML","Normal",2.95501660196821,"LAML_N_3"
"LAML","Normal",2.54243051688263,"LAML_N_4"
"LAML","Normal",1.74103845188141,"LAML_N_5"
"LAML","Normal",2.17299801549847,"LAML_N_6"
"LAML","Normal",1.34982473200179,"LAML_N_7"
"LAML","Normal",1.63149978920787,"LAML_N_8"
"LAML","Normal",2.28943645523459,"LAML_N_9"
"LAML","Normal",0.966619266243059,"LAML_N_10"
"LAML","Normal",1.05429133166974,"LAML_N_11"
"LAML","Normal",3.28717747089187,"LAML_N_12"
"LAML","Normal",1.94383017197385,"LAML_N_13"
"LAML","Normal",0.923771927701809,"LAML_N_14"
"LAML","Normal",2.31483471979982,"LAML_N_15"
"LAML","Normal",3.46198072512021,"LAML_N_16"
"LAML","Normal",2.93492874889071,"LAML_N_17"
"LAML","Normal",2.75823187002591,"LAML_N_18"
"LAML","Normal",3.35212204116687,"LAML_N_19"
"LAML","Normal",1.78792415846228,"LAML_N_20"
"LAML","Normal",2.98887666442463,"LAML_N_21"
"LAML","Normal",1.93545681871991,"LAML_N_22"
"LAML","Normal",2.40573666043301,"LAML_N_23"
"LAML","Normal",4.1766975668151,"LAML_N_24"
"LAML","Normal",3.18067282791041,"LAML_N_25"
"LAML","Normal",3.01953148231677,"LAML_N_26"
"LAML","Normal",1.51846298188847,"LAML_N_27"
"LAML","Normal",1.77613657534723,"LAML_N_28"
"LAML","Normal",4.23241849555228,"LAML_N_29"
"LAML","Normal",1.53048470016435,"LAML_N_30"
"LAML","Normal",2.57670881157106,"LAML_N_31"
"LAML","Normal",3.11918215905266,"LAML_N_32"
"LAML","Normal",3.22013168921681,"LAML_N_33"
"LAML","Normal",3.27641492007839,"LAML_N_34"
"LAML","Normal",2.27462211943483,"LAML_N_35"
"LAML","Normal",1.748335953647,"LAML_N_36"
"LAML","Normal",2.15931952495209,"LAML_N_37"
"LGG","Tumor",2.46679259823411,"LGG_T_1"
"LGG","Tumor",3.43907652282484,"LGG_T_2"
"LGG","Tumor",2.90885505621714,"LGG_T_3"
"LGG","Tumor",0.7837558822966,"LGG_T_4"
"LGG","Tumor",0.633563482397649,"LGG_T_5"
"LGG","Tumor",2.28711924704611,"LGG_T_6"
"LGG","Tumor",1.44828295871803,"LGG_T_7"
"LGG","Tumor",3.06793389416,"LGG_T_8"
"LGG","Tumor",2.03867380598092,"LGG_T_9"
"LGG","Tumor",3.47397040375236,"LGG_T_10"
"LGG","Tumor",4.15271475567369,"LGG_T_11"
"LGG","Tumor",4.12863513686164,"LGG_T_12"
"LGG","Tumor",2.28079567360821,"LGG_T_13"
"LGG","Tumor",1.67316655852306,"LGG_T_14"
"LGG","Tumor",2.33951565391562,"LGG_T_15"
"LGG","Tumor",1.09409059008646,"LGG_T_16"
"LGG","Tumor",3.73092933666479,"LGG_T_17"
"LGG","Tumor",0.608847869730028,"LGG_T_18"
"LGG","Tumor",1.26895504128296,"LGG_T_19"
"LGG","Tumor",3.05903851321054,"LGG_T_20"
"LGG","Tumor",2.82131197731043,"LGG_T_21"
"LGG","Tumor",3.34629389287437,"LGG_T_22"
"LGG","Tumor",1.5313817224326,"LGG_T_23"
"LGG","Tumor",0.868647568302515,"LGG_T_24"
"LGG","Tumor",3.47850458588111,"LGG_T_25"
"LGG","Tumor",3.0530123657318,"LGG_T_26"
"LGG","Tumor",4.71811645308708,"LGG_T_27"
"LGG","Tumor",1.40532766302986,"LGG_T_28"
"LGG","Tumor",0.641290320717005,"LGG_T_29"
"LGG","Tumor",3.28874565739733,"LGG_T_30"
"LGG","Tumor",4.10620607652773,"LGG_T_31"
"LGG","Tumor",2.30828409540152,"LGG_T_32"
"LGG","Tumor",3.33614799895564,"LGG_T_33"
"LGG","Tumor",2.03602607615141,"LGG_T_34"
"LGG","Tumor",3.5634812225234,"LGG_T_35"
"LGG","Tumor",2.84980163325829,"LGG_T_36"
"LGG","Tumor",2.98158788979486,"LGG_T_37"
"LGG","Tumor",1.16525221733796,"LGG_T_38"
"LGG","Tumor",1.77413149020801,"LGG_T_39"
"LGG","Tumor",1.90639349852114,"LGG_T_40"
"LGG","Tumor",2.22361320876997,"LGG_T_41"
"LGG","Tumor",1.07842622254136,"LGG_T_42"
"LGG","Tumor",3.1080077470996,"LGG_T_43"
"LGG","Tumor",1.5692599128655,"LGG_T_44"
"LGG","Tumor",2.76902219762362,"LGG_T_45"
"LGG","Tumor",0.863914816447099,"LGG_T_46"
"LGG","Tumor",1.5659183050494,"LGG_T_47"
"LGG","Tumor",4.57165502458833,"LGG_T_48"
"LGG","Tumor",3.03840994164042,"LGG_T_49"
"LGG","Tumor",2.54215273043541,"LGG_T_50"
"LGG","Tumor",1.33626515629472,"LGG_T_51"
"LGG","Tumor",1.79050239943919,"LGG_T_52"
"LGG","Tumor",1.49826443549085,"LGG_T_53"
"LGG","Tumor",2.93814180163069,"LGG_T_54"
"LGG","Tumor",4.52163811576916,"LGG_T_55"
"LGG","Tumor",4.04783186036559,"LGG_T_56"
"LGG","Tumor",2.64881307571371,"LGG_T_57"
"LGG","Tumor",2.06753713566246,"LGG_T_58"
"LGG","Tumor",3.89300300193091,"LGG_T_59"
"LGG","Tumor",3.69417253051686,"LGG_T_60"
"LGG","Normal",4.41073287719341,"LGG_N_1"
"LGG","Normal",3.35254386312319,"LGG_N_2"
"LGG","Normal",2.34975394516178,"LGG_N_3"
"LGG","Normal",2.18761351253381,"LGG_N_4"
"LGG","Normal",2.40970808176323,"LGG_N_5"
"LGG","Normal",3.33166382029647,"LGG_N_6"
"LGG","Normal",2.63186098198699,"LGG_N_7"
"LGG","Normal",2.58091702393514,"LGG_N_8"
"LGG","Normal",2.0495392687672,"LGG_N_9"
"LGG","Normal",4.12169054953735,"LGG_N_10"
"LGG","Normal",2.98054087557771,"LGG_N_11"
"LGG","Normal",3.76640297305556,"LGG_N_12"
"LGG","Normal",2.41733186928018,"LGG_N_13"
"LGG","Normal",2.10438321567373,"LGG_N_14"
"LGG","Normal",1.92290631701062,"LGG_N_15"
"LGG","Normal",3.34442727835486,"LGG_N_16"
"LGG","Normal",2.76440504338422,"LGG_N_17"
"LGG","Normal",2.3821119266079,"LGG_N_18"
"LGG","Normal",3.59059244820008,"LGG_N_19"
"LGG","Normal",2.99990399377956,"LGG_N_20"
"LGG","Normal",2.26847996237989,"LGG_N_21"
"LGG","Normal",1.5652381087339,"LGG_N_22"
"LGG","Normal",3.7220043663098,"LGG_N_23"
"LGG","Normal",1.26392491373319,"LGG_N_24"
"LGG","Normal",1.89381322591476,"LGG_N_25"
"LGG","Normal",3.76016963537334,"LGG_N_26"
"LGG","Normal",3.81665099148528,"LGG_N_27"
"LGG","Normal",2.6469697383593,"LGG_N_28"
"LGG","Normal",3.2627228263134,"LGG_N_29"
"LGG","Normal",2.58348281102112,"LGG_N_30"
"LGG","Normal",3.54059839821045,"LGG_N_31"
"LGG","Normal",3.36929334412457,"LGG_N_32"
"LGG","Normal",4.03441108062984,"LGG_N_33"
"LGG","Normal",3.5584582552366,"LGG_N_34"
"LGG","Normal",3.0229749548623,"LGG_N_35"
"LGG","Normal",2.32539757946703,"LGG_N_36"
"LGG","Normal",3.06277366763436,"LGG_N_37"
"LGG","Normal",2.63303902640515,"LGG_N_38"
"LGG","Normal",2.8237612526651,"LGG_N_39"
"LGG","Normal",3.23483532028866,"LGG_N_40"
"LIHC","Tumor",1.45361587550555,"LIHC_T_1"
"LIHC","Tumor",0.869956596074317,"LIHC_T_2"
"LIHC","Tumor",0.821165567861373,"LIHC_T_3"
"LIHC","Tumor",0,"LIHC_T_4"
"LIHC","Tumor",0,"LIHC_T_5"
"LIHC","Tumor",1.34823486847075,"LIHC_T_6"
"LIHC","Tumor",1.69642938568365,"LIHC_T_7"
"LIHC","Tumor",1.58049312037807,"LIHC_T_8"
"LIHC","Tumor",1.30989431263119,"LIHC_T_9"
"LIHC","Tumor",0.739071726300119,"LIHC_T_10"
"LIHC","Tumor",1.21037329299813,"LIHC_T_11"
"LIHC","Tumor",1.15674457107598,"LIHC_T_12"
"LIHC","Tumor",1.36920110665419,"LIHC_T_13"
"LIHC","Tumor",1.45488197314429,"LIHC_T_14"
"LIHC","Tumor",1.30020660395673,"LIHC_T_15"
"LIHC","Tumor",2.53898883050382,"LIHC_T_16"
"LIHC","Tumor",2.14077508034965,"LIHC_T_17"
"LIHC","Tumor",1.38624987755259,"LIHC_T_18"
"LIHC","Tumor",1.79594695628249,"LIHC_T_19"
"LIHC","Tumor",0,"LIHC_T_20"
"LIHC","Tumor",0.886940138604535,"LIHC_T_21"
"LIHC","Tumor",0.024894762262762,"LIHC_T_22"
"LIHC","Tumor",2.41159443640421,"LIHC_T_23"
"LIHC","Tumor",1.14696871748386,"LIHC_T_24"
"LIHC","Tumor",0.457226581335898,"LIHC_T_25"
"LIHC","Tumor",1.54803000032574,"LIHC_T_26"
"LIHC","Tumor",2.94653958099348,"LIHC_T_27"
"LIHC","Tumor",0.562400732875186,"LIHC_T_28"
"LIHC","Tumor",0.720982656618251,"LIHC_T_29"
"LIHC","Tumor",0.618421846229273,"LIHC_T_30"
"LIHC","Tumor",0.558614589721669,"LIHC_T_31"
"LIHC","Tumor",2.03368465203439,"LIHC_T_32"
"LIHC","Tumor",0.382845129186578,"LIHC_T_33"
"LIHC","Tumor",1.05075805687628,"LIHC_T_34"
"LIHC","Tumor",0.0755755490435936,"LIHC_T_35"
"LIHC","Tumor",1.40289350514939,"LIHC_T_36"
"LIHC","Tumor",0.935575267752712,"LIHC_T_37"
"LIHC","Tumor",0,"LIHC_T_38"
"LIHC","Tumor",0.489016117647323,"LIHC_T_39"
"LIHC","Tumor",0.160193824414369,"LIHC_T_40"
"LIHC","Tumor",0,"LIHC_T_41"
"LIHC","Tumor",0.268153049270468,"LIHC_T_42"
"LIHC","Tumor",0,"LIHC_T_43"
"LIHC","Tumor",2.49893404113346,"LIHC_T_44"
"LIHC","Tumor",0.634017224428862,"LIHC_T_45"
"LIHC","Tumor",1.28723153438404,"LIHC_T_46"
"LIHC","Tumor",1.17328801197161,"LIHC_T_47"
"LIHC","Tumor",1.4306859025218,"LIHC_T_48"
"LIHC","Tumor",1.15263898031623,"LIHC_T_49"
"LIHC","Tumor",1.88461305705762,"LIHC_T_50"
"LIHC","Tumor",2.19812068537917,"LIHC_T_51"
"LIHC","Tumor",0.461460747458143,"LIHC_T_52"
"LIHC","Tumor",0,"LIHC_T_53"
"LIHC","Tumor",1.37452582640868,"LIHC_T_54"
"LIHC","Tumor",1.01125492367654,"LIHC_T_55"
"LIHC","Normal",0,"LIHC_N_1"
"LIHC","Normal",0.597533563317745,"LIHC_N_2"
"LIHC","Normal",0.772269716003072,"LIHC_N_3"
"LIHC","Normal",1.96597014606271,"LIHC_N_4"
"LIHC","Normal",1.95339630533182,"LIHC_N_5"
"LIHC","Normal",1.47892943481416,"LIHC_N_6"
"LIHC","Normal",2.4142268127146,"LIHC_N_7"
"LIHC","Normal",0.718528107619198,"LIHC_N_8"
"LIHC","Normal",1.94088682243463,"LIHC_N_9"
"LIHC","Normal",1.10210504358292,"LIHC_N_10"
"LIHC","Normal",0.596983390474364,"LIHC_N_11"
"LIHC","Normal",1.86956109808016,"LIHC_N_12"
"LIHC","Normal",2.23573733209509,"LIHC_N_13"
"LIHC","Normal",1.83345740036337,"LIHC_N_14"
"LIHC","Normal",0.72333430307768,"LIHC_N_15"
"LIHC","Normal",0.755026960091411,"LIHC_N_16"
"LIHC","Normal",2.23299774486029,"LIHC_N_17"
"LIHC","Normal",1.41311819254969,"LIHC_N_18"
"LIHC","Normal",1.79451625087239,"LIHC_N_19"
"LIHC","Normal",0.859895480484046,"LIHC_N_20"
"LIHC","Normal",2.13968501658721,"LIHC_N_21"
"LIHC","Normal",0.483852951445736,"LIHC_N_22"
"LIHC","Normal",1.6311382841088,"LIHC_N_23"
"LIHC","Normal",0.477117094961001,"LIHC_N_24"
"LIHC","Normal",0,"LIHC_N_25"
"LIHC","Normal",0.0564910588717542,"LIHC_N_26"
"LUAD","Tumor",0.176049155000816,"LUAD_T_1"
"LUAD","Tumor",0,"LUAD_T_2"
"LUAD","Tumor",0,"LUAD_T_3"
"LUAD","Tumor",0,"LUAD_T_4"
"LUAD","Tumor",1.31263299466501,"LUAD_T_5"
"LUAD","Tumor",0.245455745071,"LUAD_T_6"
"LUAD","Tumor",0.633759291367257,"LUAD_T_7"
"LUAD","Tumor",2.13165396743965,"LUAD_T_8"
"LUAD","Tumor",1.08281886606901,"LUAD_T_9"
"LUAD","Tumor",0.821307006565716,"LUAD_T_10"
"LUAD","Tumor",0.0297045174737346,"LUAD_T_11"
"LUAD","Tumor",0.109150207965661,"LUAD_T_12"
"LUAD","Tumor",0.050885923597046,"LUAD_T_13"
"LUAD","Tumor",0.639990886268689,"LUAD_T_14"
"LUAD","Tumor",0.153964944776079,"LUAD_T_15"
"LUAD","Tumor",0.967795024728388,"LUAD_T_16"
"LUAD","Tumor",1.90366555077595,"LUAD_T_17"
"LUAD","Tumor",1.11129322146413,"LUAD_T_18"
"LUAD","Tumor",0.251761402696509,"LUAD_T_19"
"LUAD","Tumor",0,"LUAD_T_20"
"LUAD","Tumor",1.01103816292608,"LUAD_T_21"
"LUAD","Tumor",0.89427107510221,"LUAD_T_22"
"LUAD","Tumor",0,"LUAD_T_23"
"LUAD","Tumor",1.19695150127526,"LUAD_T_24"
"LUAD","Tumor",1.47066868316022,"LUAD_T_25"
"LUAD","Tumor",0.53416275996498,"LUAD_T_26"
"LUAD","Tumor",1.12307293171743,"LUAD_T_27"
"LUAD","Tumor",0.124501272691528,"LUAD_T_28"
"LUAD","Tumor",3.07845524799109,"LUAD_T_29"
"LUAD","Tumor",0,"LUAD_T_30"
"LUAD","Tumor",1.39808830451039,"LUAD_T_31"
"LUAD","Tumor",0.876658648515439,"LUAD_T_32"
"LUAD","Tumor",0,"LUAD_T_33"
"LUAD","Tumor",0.467453255340068,"LUAD_T_34"
"LUAD","Tumor",0.0969937722743277,"LUAD_T_35"
"LUAD","Tumor",0.314040216954478,"LUAD_T_36"
"LUAD","Tumor",0.138629534931938,"LUAD_T_37"
"LUAD","Tumor",0.478701332842502,"LUAD_T_38"
"LUAD","Tumor",0.981526905766351,"LUAD_T_39"
"LUAD","Tumor",0,"LUAD_T_40"
"LUAD","Tumor",1.13124486074666,"LUAD_T_41"
"LUAD","Tumor",0,"LUAD_T_42"
"LUAD","Tumor",2.13111621855219,"LUAD_T_43"
"LUAD","Tumor",0.665552237821316,"LUAD_T_44"
"LUAD","Tumor",0,"LUAD_T_45"
"LUAD","Tumor",0.546179991272667,"LUAD_T_46"
"LUAD","Tumor",1.5485612429061,"LUAD_T_47"
"LUAD","Tumor",1.14262540583529,"LUAD_T_48"
"LUAD","Tumor",0.466164649110088,"LUAD_T_49"
"LUAD","Tumor",2.51584353785075,"LUAD_T_50"
"LUAD","Tumor",1.11694982686028,"LUAD_T_51"
"LUAD","Tumor",0.576444596780431,"LUAD_T_52"
"LUAD","Tumor",0.237874956857651,"LUAD_T_53"
"LUAD","Tumor",1.99832969801806,"LUAD_T_54"
"LUAD","Tumor",1.35846169176445,"LUAD_T_55"
"LUAD","Tumor",0,"LUAD_T_56"
"LUAD","Tumor",1.83892804884907,"LUAD_T_57"
"LUAD","Tumor",1.59944449405747,"LUAD_T_58"
"LUAD","Tumor",1.15118838479027,"LUAD_T_59"
"LUAD","Tumor",0,"LUAD_T_60"
"LUAD","Tumor",0.58470719726399,"LUAD_T_61"
"LUAD","Tumor",0.502513766165399,"LUAD_T_62"
"LUAD","Tumor",0.987917872619662,"LUAD_T_63"
"LUAD","Tumor",0,"LUAD_T_64"
"LUAD","Tumor",1.78499174293621,"LUAD_T_65"
"LUAD","Tumor",0,"LUAD_T_66"
"LUAD","Tumor",0.520115955154262,"LUAD_T_67"
"LUAD","Tumor",0,"LUAD_T_68"
"LUAD","Tumor",0.323058079243971,"LUAD_T_69"
"LUAD","Tumor",0,"LUAD_T_70"
"LUAD","Tumor",0.997102658879363,"LUAD_T_71"
"LUAD","Tumor",0.646611739230463,"LUAD_T_72"
"LUAD","Tumor",0.72194520977041,"LUAD_T_73"
"LUAD","Tumor",1.44616824990518,"LUAD_T_74"
"LUAD","Tumor",1.80638840027556,"LUAD_T_75"
"LUAD","Tumor",1.89698059015975,"LUAD_T_76"
"LUAD","Tumor",1.28713840545269,"LUAD_T_77"
"LUAD","Tumor",0.563435364174189,"LUAD_T_78"
"LUAD","Tumor",0,"LUAD_T_79"
"LUAD","Tumor",0,"LUAD_T_80"
"LUAD","Tumor",2.12378142380841,"LUAD_T_81"
"LUAD","Tumor",0.911885746630256,"LUAD_T_82"
"LUAD","Tumor",2.728006766941,"LUAD_T_83"
"LUAD","Tumor",1.58230604831736,"LUAD_T_84"
"LUAD","Tumor",1.41843016235335,"LUAD_T_85"
"LUAD","Tumor",0.660442150733034,"LUAD_T_86"
"LUAD","Tumor",1.71320457532669,"LUAD_T_87"
"LUAD","Tumor",1.81711264449552,"LUAD_T_88"
"LUAD","Tumor",0,"LUAD_T_89"
"LUAD","Tumor",0.754887861259575,"LUAD_T_90"
"LUAD","Tumor",0.667508162404214,"LUAD_T_91"
"LUAD","Tumor",1.258433185875,"LUAD_T_92"
"LUAD","Tumor",2.74808933221417,"LUAD_T_93"
"LUAD","Normal",2.9703682907767,"LUAD_N_1"
"LUAD","Normal",3.69572072709005,"LUAD_N_2"
"LUAD","Normal",3.21761568147993,"LUAD_N_3"
"LUAD","Normal",3.63725053171778,"LUAD_N_4"
"LUAD","Normal",1.9375557811148,"LUAD_N_5"
"LUAD","Normal",2.85408501813497,"LUAD_N_6"
"LUAD","Normal",3.30405103273454,"LUAD_N_7"
"LUAD","Normal",1.95584689637027,"LUAD_N_8"
"LUAD","Normal",4.06290226020366,"LUAD_N_9"
"LUAD","Normal",1.98240438176868,"LUAD_N_10"
"LUAD","Normal",2.94186575736156,"LUAD_N_11"
"LUAD","Normal",2.93171665484096,"LUAD_N_12"
"LUAD","Normal",2.90758703213038,"LUAD_N_13"
"LUAD","Normal",2.64191112364212,"LUAD_N_14"
"LUAD","Normal",3.17020022027386,"LUAD_N_15"
"LUAD","Normal",1.98531919703892,"LUAD_N_16"
"LUAD","Normal",1.77875943997831,"LUAD_N_17"
"LUAD","Normal",2.2865958800663,"LUAD_N_18"
"LUAD","Normal",2.76439150747867,"LUAD_N_19"
"LUAD","Normal",3.81564904684253,"LUAD_N_20"
"LUAD","Normal",4.08021410244853,"LUAD_N_21"
"LUAD","Normal",3.06583596059269,"LUAD_N_22"
"LUAD","Normal",3.11552408871141,"LUAD_N_23"
"LUAD","Normal",2.61533488364534,"LUAD_N_24"
"LUAD","Normal",2.84869325779932,"LUAD_N_25"
"LUAD","Normal",1.68661410167546,"LUAD_N_26"
"LUAD","Normal",3.0421977736735,"LUAD_N_27"
"LUAD","Normal",2.3818079247219,"LUAD_N_28"
"LUAD","Normal",3.07799380903733,"LUAD_N_29"
"LUAD","Normal",2.53346571923329,"LUAD_N_30"
"LUAD","Normal",2.28095820268774,"LUAD_N_31"
"LUAD","Normal",2.63496168911526,"LUAD_N_32"
"LUAD","Normal",2.51672686204993,"LUAD_N_33"
"LUAD","Normal",3.68591335683079,"LUAD_N_34"
"LUAD","Normal",2.9776172565066,"LUAD_N_35"
"LUAD","Normal",3.15624393147947,"LUAD_N_36"
"LUAD","Normal",1.81756792191627,"LUAD_N_37"
"LUAD","Normal",4.00770815825931,"LUAD_N_38"
"LUAD","Normal",2.9377471434855,"LUAD_N_39"
"LUAD","Normal",2.12522566783429,"LUAD_N_40"
"LUAD","Normal",3.05748810691435,"LUAD_N_41"
"LUAD","Normal",3.50659801443279,"LUAD_N_42"
"LUAD","Normal",1.70330907991564,"LUAD_N_43"
"LUAD","Normal",4.16233636658134,"LUAD_N_44"
"LUAD","Normal",2.6838262264142,"LUAD_N_45"
"LUAD","Normal",3.70718741507581,"LUAD_N_46"
"LUAD","Normal",2.86805984582802,"LUAD_N_47"
"LUSC","Tumor",2.90433934197182,"LUSC_T_1"
"LUSC","Tumor",2.90118513050311,"LUSC_T_2"
"LUSC","Tumor",4.01869395796697,"LUSC_T_3"
"LUSC","Tumor",3.11054648458835,"LUSC_T_4"
"LUSC","Tumor",4.86259359106889,"LUSC_T_5"
"LUSC","Tumor",3.60634005316726,"LUSC_T_6"
"LUSC","Tumor",3.64346946958561,"LUSC_T_7"
"LUSC","Tumor",2.25298202476097,"LUSC_T_8"
"LUSC","Tumor",4.74722395536355,"LUSC_T_9"
"LUSC","Tumor",4.52107829373814,"LUSC_T_10"
"LUSC","Tumor",1.64347168663412,"LUSC_T_11"
"LUSC","Tumor",5.15031425692665,"LUSC_T_12"
"LUSC","Tumor",2.78629923741928,"LUSC_T_13"
"LUSC","Tumor",2.48584745250464,"LUSC_T_14"
"LUSC","Tumor",2.56303819309526,"LUSC_T_15"
"LUSC","Tumor",1.99737819180768,"LUSC_T_16"
"LUSC","Tumor",4.10997556459827,"LUSC_T_17"
"LUSC","Tumor",1.94478962851543,"LUSC_T_18"
"LUSC","Tumor",2.2511128519266,"LUSC_T_19"
"LUSC","Tumor",2.33476716209012,"LUSC_T_20"
"LUSC","Tumor",3.85809427769207,"LUSC_T_21"
"LUSC","Tumor",2.87630150958485,"LUSC_T_22"
"LUSC","Tumor",3.31800665652167,"LUSC_T_23"
"LUSC","Tumor",2.69769399807549,"LUSC_T_24"
"LUSC","Tumor",3.78235501870583,"LUSC_T_25"
"LUSC","Tumor",2.74398797366582,"LUSC_T_26"
"LUSC","Tumor",5.00911665918821,"LUSC_T_27"
"LUSC","Tumor",3.34716861059336,"LUSC_T_28"
"LUSC","Tumor",2.73120093182331,"LUSC_T_29"
"LUSC","Tumor",4.70352989672351,"LUSC_T_30"
"LUSC","Tumor",3.35340943017857,"LUSC_T_31"
"LUSC","Tumor",2.31900139948181,"LUSC_T_32"
"LUSC","Tumor",2.365843018493,"LUSC_T_33"
"LUSC","Tumor",3.81207376990765,"LUSC_T_34"
"LUSC","Tumor",2.14209072112329,"LUSC_T_35"
"LUSC","Tumor",4.87826251941308,"LUSC_T_36"
"LUSC","Tumor",2.41724708835567,"LUSC_T_37"
"LUSC","Tumor",1.81880519057747,"LUSC_T_38"
"LUSC","Tumor",1.75667073049344,"LUSC_T_39"
"LUSC","Tumor",2.32733544321052,"LUSC_T_40"
"LUSC","Tumor",3.87903624917435,"LUSC_T_41"
"LUSC","Tumor",1.38872855418527,"LUSC_T_42"
"LUSC","Tumor",2.8334287524194,"LUSC_T_43"
"LUSC","Normal",5.75241471068107,"LUSC_N_1"
"LUSC","Normal",2.24952222733528,"LUSC_N_2"
"LUSC","Normal",4.04009665595769,"LUSC_N_3"
"LUSC","Normal",4.34534375979995,"LUSC_N_4"
"LUSC","Normal",3.77782916921593,"LUSC_N_5"
"LUSC","Normal",2.57525029471615,"LUSC_N_6"
"LUSC","Normal",4.41470880717323,"LUSC_N_7"
"LUSC","Normal",3.1982395004931,"LUSC_N_8"
"LUSC","Normal",4.22619729256865,"LUSC_N_9"
"LUSC","Normal",4.54754945831852,"LUSC_N_10"
"LUSC","Normal",4.84867370188391,"LUSC_N_11"
"LUSC","Normal",2.57521705559578,"LUSC_N_12"
"LUSC","Normal",4.68690157204753,"LUSC_N_13"
"LUSC","Normal",3.21592300794742,"LUSC_N_14"
"LUSC","Normal",2.79029251442507,"LUSC_N_15"
"LUSC","Normal",4.87296462623978,"LUSC_N_16"
"LUSC","Normal",4.73851607211622,"LUSC_N_17"
"LUSC","Normal",3.62744147934023,"LUSC_N_18"
"LUSC","Normal",4.42914065849491,"LUSC_N_19"
"MESO","Tumor",2.72620295433367,"MESO_T_1"
"MESO","Tumor",2.53918613359054,"MESO_T_2"
"MESO","Tumor",3.55402492459178,"MESO_T_3"
"MESO","Tumor",4.35725372359049,"MESO_T_4"
"MESO","Tumor",2.36415512531564,"MESO_T_5"
"MESO","Tumor",2.78726773573881,"MESO_T_6"
"MESO","Tumor",4.45668353726004,"MESO_T_7"
"MESO","Tumor",2.490884217568,"MESO_T_8"
"MESO","Tumor",0.215888017487437,"MESO_T_9"
"MESO","Tumor",3.33390997454247,"MESO_T_10"
"MESO","Tumor",1.93345817698328,"MESO_T_11"
"MESO","Tumor",1.82138778209062,"MESO_T_12"
"MESO","Tumor",4.24074300167939,"MESO_T_13"
"MESO","Tumor",5.26792419510977,"MESO_T_14"
"MESO","Tumor",1.780143646691,"MESO_T_15"
"MESO","Tumor",3.8509513697613,"MESO_T_16"
"MESO","Tumor",2.72577834972491,"MESO_T_17"
"MESO","Tumor",2.96173364731499,"MESO_T_18"
"MESO","Tumor",4.04216288955094,"MESO_T_19"
"MESO","Tumor",3.03360070653561,"MESO_T_20"
"MESO","Tumor",1.96856083423378,"MESO_T_21"
"MESO","Tumor",2.34951731335168,"MESO_T_22"
"MESO","Tumor",3.50606144339341,"MESO_T_23"
"MESO","Tumor",0.483978856234641,"MESO_T_24"
"MESO","Tumor",3.91517056994301,"MESO_T_25"
"MESO","Tumor",1.2527760892623,"MESO_T_26"
"MESO","Tumor",2.84185725091292,"MESO_T_27"
"MESO","Tumor",2.62956721050258,"MESO_T_28"
"MESO","Tumor",4.11299567411889,"MESO_T_29"
"MESO","Tumor",3.00877550315117,"MESO_T_30"
"MESO","Tumor",2.92186532299975,"MESO_T_31"
"MESO","Tumor",3.51806199695314,"MESO_T_32"
"MESO","Tumor",1.99291163190411,"MESO_T_33"
"MESO","Tumor",2.62402733202817,"MESO_T_34"
"MESO","Tumor",3.99751060190231,"MESO_T_35"
"MESO","Tumor",3.50339980907439,"MESO_T_36"
"MESO","Tumor",1.54442948134201,"MESO_T_37"
"MESO","Tumor",3.45788255550542,"MESO_T_38"
"MESO","Tumor",1.44233656349082,"MESO_T_39"
"MESO","Tumor",2.22161538437487,"MESO_T_40"
"MESO","Tumor",4.03084657195155,"MESO_T_41"
"MESO","Tumor",0.56888101264869,"MESO_T_42"
"MESO","Tumor",1.04091199721371,"MESO_T_43"
"MESO","Tumor",4.12129886092097,"MESO_T_44"
"MESO","Tumor",2.00513340404189,"MESO_T_45"
"MESO","Tumor",4.06363320667345,"MESO_T_46"
"MESO","Tumor",2.65167598733844,"MESO_T_47"
"MESO","Tumor",3.24770186645747,"MESO_T_48"
"MESO","Tumor",3.63320507772378,"MESO_T_49"
"MESO","Tumor",2.1687143187345,"MESO_T_50"
"MESO","Tumor",2.51533526494794,"MESO_T_51"
"MESO","Tumor",2.40482901844891,"MESO_T_52"
"MESO","Tumor",5.63601046411692,"MESO_T_53"
"MESO","Tumor",2.94607325719212,"MESO_T_54"
"MESO","Tumor",3.29272661120563,"MESO_T_55"
"MESO","Tumor",2.47917264715359,"MESO_T_56"
"MESO","Tumor",2.57813554543993,"MESO_T_57"
"MESO","Tumor",4.19868085695185,"MESO_T_58"
"MESO","Tumor",2.48104251855715,"MESO_T_59"
"MESO","Tumor",2.8400624908553,"MESO_T_60"
"MESO","Tumor",3.19688835223561,"MESO_T_61"
"MESO","Tumor",2.38820244305666,"MESO_T_62"
"MESO","Tumor",4.77899034427157,"MESO_T_63"
"MESO","Tumor",1.39146657587337,"MESO_T_64"
"MESO","Tumor",4.83121916794017,"MESO_T_65"
"MESO","Tumor",2.46833429921536,"MESO_T_66"
"MESO","Tumor",4.17704583494403,"MESO_T_67"
"MESO","Tumor",0.820748777087071,"MESO_T_68"
"MESO","Tumor",3.77600680952299,"MESO_T_69"
"MESO","Tumor",3.69635745307141,"MESO_T_70"
"MESO","Tumor",1.54870921653446,"MESO_T_71"
"MESO","Tumor",2.05160230960491,"MESO_T_72"
"MESO","Tumor",3.01345103356476,"MESO_T_73"
"MESO","Tumor",3.96376161689155,"MESO_T_74"
"MESO","Tumor",2.05392688406587,"MESO_T_75"
"MESO","Tumor",2.59580018904124,"MESO_T_76"
"MESO","Tumor",4.39127312307188,"MESO_T_77"
"MESO","Tumor",1.69257894724305,"MESO_T_78"
"MESO","Tumor",3.7677201688114,"MESO_T_79"
"MESO","Tumor",3.26869437732944,"MESO_T_80"
"MESO","Tumor",1.71411165953822,"MESO_T_81"
"MESO","Tumor",2.15205834592076,"MESO_T_82"
"MESO","Normal",1.56847983642675,"MESO_N_1"
"MESO","Normal",2.7202002129374,"MESO_N_2"
"MESO","Normal",2.71654973260642,"MESO_N_3"
"MESO","Normal",0.486113590190147,"MESO_N_4"
"MESO","Normal",1.5499215764753,"MESO_N_5"
"MESO","Normal",0.971254500340269,"MESO_N_6"
"MESO","Normal",3.29666687472442,"MESO_N_7"
"MESO","Normal",3.00709095947707,"MESO_N_8"
"MESO","Normal",2.71602624353734,"MESO_N_9"
"MESO","Normal",3.83697875046498,"MESO_N_10"
"MESO","Normal",2.35660045966499,"MESO_N_11"
"MESO","Normal",2.57850285685607,"MESO_N_12"
"MESO","Normal",1.44212361101625,"MESO_N_13"
"MESO","Normal",4.01530223231782,"MESO_N_14"
"OV","Tumor",0,"OV_T_1"
"OV","Tumor",0,"OV_T_2"
"OV","Tumor",0,"OV_T_3"
"OV","Tumor",0,"OV_T_4"
"OV","Tumor",0,"OV_T_5"
"OV","Tumor",0,"OV_T_6"
"OV","Tumor",0,"OV_T_7"
"OV","Tumor",0,"OV_T_8"
"OV","Tumor",0.52004064513115,"OV_T_9"
"OV","Tumor",0,"OV_T_10"
"OV","Tumor",0,"OV_T_11"
"OV","Tumor",0,"OV_T_12"
"OV","Tumor",0,"OV_T_13"
"OV","Tumor",1.34683185022089,"OV_T_14"
"OV","Tumor",0,"OV_T_15"
"OV","Tumor",0,"OV_T_16"
"OV","Tumor",0,"OV_T_17"
"OV","Tumor",0,"OV_T_18"
"OV","Tumor",0.0524420546793519,"OV_T_19"
"OV","Tumor",0,"OV_T_20"
"OV","Tumor",0.423467214347749,"OV_T_21"
"OV","Tumor",0,"OV_T_22"
"OV","Tumor",0,"OV_T_23"
"OV","Tumor",0,"OV_T_24"
"OV","Tumor",0,"OV_T_25"
"OV","Tumor",0,"OV_T_26"
"OV","Tumor",0.410521079858213,"OV_T_27"
"OV","Tumor",1.35931386706942,"OV_T_28"
"OV","Tumor",0,"OV_T_29"
"OV","Tumor",0,"OV_T_30"
"OV","Tumor",0,"OV_T_31"
"OV","Tumor",0,"OV_T_32"
"OV","Tumor",0,"OV_T_33"
"OV","Tumor",1.29261491280865,"OV_T_34"
"OV","Tumor",0,"OV_T_35"
"OV","Tumor",0,"OV_T_36"
"OV","Tumor",0,"OV_T_37"
"OV","Tumor",0,"OV_T_38"
"OV","Tumor",0.121924857825484,"OV_T_39"
"OV","Tumor",0,"OV_T_40"
"OV","Tumor",0,"OV_T_41"
"OV","Tumor",0,"OV_T_42"
"OV","Tumor",0.496019468513843,"OV_T_43"
"OV","Tumor",0.39000523459013,"OV_T_44"
"OV","Tumor",0,"OV_T_45"
"OV","Tumor",0,"OV_T_46"
"OV","Tumor",0,"OV_T_47"
"OV","Tumor",0,"OV_T_48"
"OV","Tumor",0,"OV_T_49"
"OV","Tumor",0,"OV_T_50"
"OV","Tumor",0,"OV_T_51"
"OV","Tumor",0,"OV_T_52"
"OV","Normal",1.48001994126472,"OV_N_1"
"OV","Normal",2.74661200585733,"OV_N_2"
"OV","Normal",1.45259361025934,"OV_N_3"
"OV","Normal",0.3704719817269,"OV_N_4"
"OV","Normal",3.71491014613253,"OV_N_5"
"OV","Normal",0.992235904720292,"OV_N_6"
"OV","Normal",1.75101286287955,"OV_N_7"
"OV","Normal",2.00977373522705,"OV_N_8"
"OV","Normal",1.01564035944063,"OV_N_9"
"OV","Normal",1.50009179825961,"OV_N_10"
"OV","Normal",1.00547533898498,"OV_N_11"
"OV","Normal",1.33411783049125,"OV_N_12"
"OV","Normal",2.27471456560918,"OV_N_13"
"OV","Normal",2.06795183257081,"OV_N_14"
"OV","Normal",0.951967534322121,"OV_N_15"
"OV","Normal",2.45265933229672,"OV_N_16"
"OV","Normal",1.95406044805694,"OV_N_17"
"OV","Normal",0,"OV_N_18"
"OV","Normal",1.26237980504705,"OV_N_19"
"OV","Normal",2.49636630593259,"OV_N_20"
"OV","Normal",0,"OV_N_21"
"OV","Normal",0.874315395084097,"OV_N_22"
"OV","Normal",2.06247556502805,"OV_N_23"
"OV","Normal",1.67621605471529,"OV_N_24"
"OV","Normal",0.584453511032305,"OV_N_25"
"OV","Normal",1.7288525275061,"OV_N_26"
"OV","Normal",0.700072323008808,"OV_N_27"
"OV","Normal",0.462591478197411,"OV_N_28"
"OV","Normal",0,"OV_N_29"
"OV","Normal",1.98146669186616,"OV_N_30"
"OV","Normal",1.49376220435509,"OV_N_31"
"OV","Normal",1.51617040963463,"OV_N_32"
"OV","Normal",2.60044232854218,"OV_N_33"
"OV","Normal",0.358784375478918,"OV_N_34"
"OV","Normal",0.864763225265083,"OV_N_35"
"OV","Normal",0.652992355163553,"OV_N_36"
"PAAD","Tumor",0.324526509767037,"PAAD_T_1"
"PAAD","Tumor",1.32096957385311,"PAAD_T_2"
"PAAD","Tumor",2.51398317288619,"PAAD_T_3"
"PAAD","Tumor",1.76725513233583,"PAAD_T_4"
"PAAD","Tumor",1.84852135503788,"PAAD_T_5"
"PAAD","Tumor",3.69483099834659,"PAAD_T_6"
"PAAD","Tumor",2.82087863386623,"PAAD_T_7"
"PAAD","Tumor",1.60144566371012,"PAAD_T_8"
"PAAD","Tumor",2.17659427034668,"PAAD_T_9"
"PAAD","Tumor",2.36038680379802,"PAAD_T_10"
"PAAD","Tumor",1.96499510411379,"PAAD_T_11"
"PAAD","Tumor",1.68123667485433,"PAAD_T_12"
"PAAD","Tumor",2.5934862033485,"PAAD_T_13"
"PAAD","Tumor",3.38648500486865,"PAAD_T_14"
"PAAD","Tumor",2.87214228891619,"PAAD_T_15"
"PAAD","Tumor",2.44514327263313,"PAAD_T_16"
"PAAD","Tumor",3.03311053011772,"PAAD_T_17"
"PAAD","Tumor",3.43920865240039,"PAAD_T_18"
"PAAD","Tumor",2.50477632710053,"PAAD_T_19"
"PAAD","Tumor",3.10109548429477,"PAAD_T_20"
"PAAD","Tumor",1.49971737826293,"PAAD_T_21"
"PAAD","Tumor",2.39563959718002,"PAAD_T_22"
"PAAD","Tumor",2.22499200985485,"PAAD_T_23"
"PAAD","Tumor",2.84095478890893,"PAAD_T_24"
"PAAD","Tumor",3.00260979919188,"PAAD_T_25"
"PAAD","Tumor",2.52167230635155,"PAAD_T_26"
"PAAD","Tumor",1.87907606255909,"PAAD_T_27"
"PAAD","Tumor",1.71557606856417,"PAAD_T_28"
"PAAD","Tumor",2.92381089595097,"PAAD_T_29"
"PAAD","Tumor",4.00212713762431,"PAAD_T_30"
"PAAD","Tumor",1.8581546904192,"PAAD_T_31"
"PAAD","Tumor",2.2604916130517,"PAAD_T_32"
"PAAD","Tumor",2.97597084560083,"PAAD_T_33"
"PAAD","Tumor",2.09066983528606,"PAAD_T_34"
"PAAD","Tumor",2.76686260016935,"PAAD_T_35"
"PAAD","Tumor",2.59769416837053,"PAAD_T_36"
"PAAD","Tumor",1.86903869478221,"PAAD_T_37"
"PAAD","Tumor",3.4767315364872,"PAAD_T_38"
"PAAD","Tumor",3.49159812257186,"PAAD_T_39"
"PAAD","Tumor",3.66942979200609,"PAAD_T_40"
"PAAD","Tumor",3.91328687153127,"PAAD_T_41"
"PAAD","Tumor",2.13892849742632,"PAAD_T_42"
"PAAD","Tumor",2.18080838884059,"PAAD_T_43"
"PAAD","Tumor",2.90650828584063,"PAAD_T_44"
"PAAD","Tumor",3.27537126190052,"PAAD_T_45"
"PAAD","Tumor",2.30566412912399,"PAAD_T_46"
"PAAD","Tumor",2.22194547694841,"PAAD_T_47"
"PAAD","Tumor",2.02701875779424,"PAAD_T_48"
"PAAD","Tumor",4.12749217607563,"PAAD_T_49"
"PAAD","Tumor",0.137123933307417,"PAAD_T_50"
"PAAD","Tumor",2.47771225156501,"PAAD_T_51"
"PAAD","Tumor",2.68350316240243,"PAAD_T_52"
"PAAD","Tumor",1.58568068235532,"PAAD_T_53"
"PAAD","Tumor",3.03071618016953,"PAAD_T_54"
"PAAD","Tumor",0.678202601538786,"PAAD_T_55"
"PAAD","Tumor",3.60025914646081,"PAAD_T_56"
"PAAD","Tumor",0.981929700478296,"PAAD_T_57"
"PAAD","Normal",2.37074059711566,"PAAD_N_1"
"PAAD","Normal",2.39070739924711,"PAAD_N_2"
"PAAD","Normal",2.16026991703251,"PAAD_N_3"
"PAAD","Normal",1.85618605311203,"PAAD_N_4"
"PAAD","Normal",1.44301127627901,"PAAD_N_5"
"PAAD","Normal",0.306625851868647,"PAAD_N_6"
"PAAD","Normal",2.1640780126997,"PAAD_N_7"
"PAAD","Normal",2.18751035791336,"PAAD_N_8"
"PAAD","Normal",5.22669666253553,"PAAD_N_9"
"PAAD","Normal",3.48055567395881,"PAAD_N_10"
"PAAD","Normal",2.65049977756132,"PAAD_N_11"
"PAAD","Normal",1.49251870300981,"PAAD_N_12"
"PAAD","Normal",1.10938827264544,"PAAD_N_13"
"PAAD","Normal",2.70532687236001,"PAAD_N_14"
"PAAD","Normal",1.34931696771806,"PAAD_N_15"
"PAAD","Normal",2.82717060205956,"PAAD_N_16"
"PAAD","Normal",2.41212646241971,"PAAD_N_17"
"PAAD","Normal",1.60221870739649,"PAAD_N_18"
"PCPG","Tumor",0,"PCPG_T_1"
"PCPG","Tumor",0,"PCPG_T_2"
"PCPG","Tumor",0,"PCPG_T_3"
"PCPG","Tumor",0,"PCPG_T_4"
"PCPG","Tumor",0,"PCPG_T_5"
"PCPG","Tumor",0,"PCPG_T_6"
"PCPG","Tumor",0,"PCPG_T_7"
"PCPG","Tumor",0,"PCPG_T_8"
"PCPG","Tumor",0,"PCPG_T_9"
"PCPG","Tumor",0,"PCPG_T_10"
"PCPG","Tumor",0,"PCPG_T_11"
"PCPG","Tumor",0,"PCPG_T_12"
"PCPG","Tumor",0,"PCPG_T_13"
"PCPG","Tumor",0,"PCPG_T_14"
"PCPG","Tumor",0,"PCPG_T_15"
"PCPG","Tumor",0.522383910693733,"PCPG_T_16"
"PCPG","Tumor",0,"PCPG_T_17"
"PCPG","Tumor",0.443191601151886,"PCPG_T_18"
"PCPG","Tumor",0,"PCPG_T_19"
"PCPG","Tumor",0,"PCPG_T_20"
"PCPG","Tumor",0.516290144819663,"PCPG_T_21"
"PCPG","Tumor",0,"PCPG_T_22"
"PCPG","Tumor",0,"PCPG_T_23"
"PCPG","Tumor",0,"PCPG_T_24"
"PCPG","Tumor",0.438713320226145,"PCPG_T_25"
"PCPG","Tumor",0,"PCPG_T_26"
"PCPG","Tumor",0,"PCPG_T_27"
"PCPG","Tumor",0,"PCPG_T_28"
"PCPG","Tumor",0,"PCPG_T_29"
"PCPG","Tumor",0,"PCPG_T_30"
"PCPG","Tumor",0,"PCPG_T_31"
"PCPG","Tumor",0,"PCPG_T_32"
"PCPG","Tumor",0.665791400292577,"PCPG_T_33"
"PCPG","Tumor",0,"PCPG_T_34"
"PCPG","Tumor",0,"PCPG_T_35"
"PCPG","Tumor",0,"PCPG_T_36"
"PCPG","Tumor",0.136455813637591,"PCPG_T_37"
"PCPG","Tumor",1.71308821612041,"PCPG_T_38"
"PCPG","Tumor",0,"PCPG_T_39"
"PCPG","Tumor",0,"PCPG_T_40"
"PCPG","Tumor",0.31361447079136,"PCPG_T_41"
"PCPG","Tumor",0.712407386897875,"PCPG_T_42"
"PCPG","Tumor",0,"PCPG_T_43"
"PCPG","Tumor",0.0956917153378244,"PCPG_T_44"
"PCPG","Tumor",0,"PCPG_T_45"
"PCPG","Tumor",0,"PCPG_T_46"
"PCPG","Tumor",0.054482162293668,"PCPG_T_47"
"PCPG","Tumor",0,"PCPG_T_48"
"PCPG","Tumor",0,"PCPG_T_49"
"PCPG","Tumor",0,"PCPG_T_50"
"PCPG","Tumor",1.22609921632017,"PCPG_T_51"
"PCPG","Tumor",0.0964092694411184,"PCPG_T_52"
"PCPG","Tumor",0,"PCPG_T_53"
"PCPG","Tumor",0.133870191403869,"PCPG_T_54"
"PCPG","Tumor",0,"PCPG_T_55"
"PCPG","Tumor",0,"PCPG_T_56"
"PCPG","Tumor",0.834479159073934,"PCPG_T_57"
"PCPG","Tumor",0,"PCPG_T_58"
"PCPG","Tumor",0.34161163238896,"PCPG_T_59"
"PCPG","Tumor",0,"PCPG_T_60"
"PCPG","Tumor",0,"PCPG_T_61"
"PCPG","Tumor",0,"PCPG_T_62"
"PCPG","Tumor",0,"PCPG_T_63"
"PCPG","Tumor",0.877673971327417,"PCPG_T_64"
"PCPG","Tumor",0,"PCPG_T_65"
"PCPG","Tumor",0,"PCPG_T_66"
"PCPG","Tumor",0,"PCPG_T_67"
"PCPG","Tumor",0,"PCPG_T_68"
"PCPG","Tumor",0,"PCPG_T_69"
"PCPG","Tumor",0.800183327726991,"PCPG_T_70"
"PCPG","Tumor",0.371431350304312,"PCPG_T_71"
"PCPG","Tumor",0.0247864177111108,"PCPG_T_72"
"PCPG","Tumor",0.546583813829887,"PCPG_T_73"
"PCPG","Tumor",0,"PCPG_T_74"
"PCPG","Tumor",0.190698197286533,"PCPG_T_75"
"PCPG","Tumor",0,"PCPG_T_76"
"PCPG","Tumor",0,"PCPG_T_77"
"PCPG","Tumor",0,"PCPG_T_78"
"PCPG","Tumor",0,"PCPG_T_79"
"PCPG","Tumor",0,"PCPG_T_80"
"PCPG","Tumor",0,"PCPG_T_81"
"PCPG","Tumor",0,"PCPG_T_82"
"PCPG","Tumor",0,"PCPG_T_83"
"PCPG","Tumor",0,"PCPG_T_84"
"PCPG","Tumor",0,"PCPG_T_85"
"PCPG","Tumor",0,"PCPG_T_86"
"PCPG","Tumor",0,"PCPG_T_87"
"PCPG","Tumor",0,"PCPG_T_88"
"PCPG","Tumor",0,"PCPG_T_89"
"PCPG","Normal",0,"PCPG_N_1"
"PCPG","Normal",2.05799758666026,"PCPG_N_2"
"PCPG","Normal",2.15181673219304,"PCPG_N_3"
"PCPG","Normal",0.607150346789809,"PCPG_N_4"
"PCPG","Normal",1.21347544554014,"PCPG_N_5"
"PCPG","Normal",0.523942936256408,"PCPG_N_6"
"PCPG","Normal",1.6842627937958,"PCPG_N_7"
"PCPG","Normal",1.40737861959182,"PCPG_N_8"
"PCPG","Normal",0.735552899625918,"PCPG_N_9"
"PCPG","Normal",0.811747225276463,"PCPG_N_10"
"PCPG","Normal",0.581456305650853,"PCPG_N_11"
"PCPG","Normal",1.78022067014745,"PCPG_N_12"
"PCPG","Normal",1.88792833864469,"PCPG_N_13"
"PCPG","Normal",1.73230117592612,"PCPG_N_14"
"PCPG","Normal",0.756809502460629,"PCPG_N_15"
"PCPG","Normal",0.00218555780519281,"PCPG_N_16"
"PCPG","Normal",1.85582179091699,"PCPG_N_17"
"PCPG","Normal",1.28947410247796,"PCPG_N_18"
"PCPG","Normal",1.39960738041621,"PCPG_N_19"
"PCPG","Normal",2.25682364829212,"PCPG_N_20"
"PCPG","Normal",0.716308592872131,"PCPG_N_21"
"PCPG","Normal",2.34633352094142,"PCPG_N_22"
"PRAD","Tumor",0,"PRAD_T_1"
"PRAD","Tumor",0.48493335391776,"PRAD_T_2"
"PRAD","Tumor",1.63848976459539,"PRAD_T_3"
"PRAD","Tumor",0.286460707087807,"PRAD_T_4"
"PRAD","Tumor",1.14034265537062,"PRAD_T_5"
"PRAD","Tumor",0,"PRAD_T_6"
"PRAD","Tumor",2.51865399722296,"PRAD_T_7"
"PRAD","Tumor",3.10872530192028,"PRAD_T_8"
"PRAD","Tumor",2.38358588048221,"PRAD_T_9"
"PRAD","Tumor",2.77230043764972,"PRAD_T_10"
"PRAD","Tumor",0.736894689597714,"PRAD_T_11"
"PRAD","Tumor",2.74273342724891,"PRAD_T_12"
"PRAD","Tumor",1.77538498147427,"PRAD_T_13"
"PRAD","Tumor",0.119669385151732,"PRAD_T_14"
"PRAD","Tumor",1.00494168321885,"PRAD_T_15"
"PRAD","Tumor",2.97713145214702,"PRAD_T_16"
"PRAD","Tumor",1.69937231268744,"PRAD_T_17"
"PRAD","Tumor",1.40976040615709,"PRAD_T_18"
"PRAD","Tumor",2.39635150831184,"PRAD_T_19"
"PRAD","Tumor",0.014363240968297,"PRAD_T_20"
"PRAD","Tumor",2.30354827677239,"PRAD_T_21"
"PRAD","Tumor",0.467933440049722,"PRAD_T_22"
"PRAD","Tumor",0,"PRAD_T_23"
"PRAD","Tumor",1.55804757506552,"PRAD_T_24"
"PRAD","Tumor",2.59342978202797,"PRAD_T_25"
"PRAD","Tumor",0.614440569130531,"PRAD_T_26"
"PRAD","Tumor",0,"PRAD_T_27"
"PRAD","Tumor",1.9553820274632,"PRAD_T_28"
"PRAD","Tumor",0.449968608169649,"PRAD_T_29"
"PRAD","Tumor",0.780602170707552,"PRAD_T_30"
"PRAD","Tumor",1.93877300882558,"PRAD_T_31"
"PRAD","Tumor",2.00857957449578,"PRAD_T_32"
"PRAD","Tumor",1.01097542505104,"PRAD_T_33"
"PRAD","Tumor",2.58115607284651,"PRAD_T_34"
"PRAD","Tumor",0.929150595504804,"PRAD_T_35"
"PRAD","Tumor",2.14130789861599,"PRAD_T_36"
"PRAD","Tumor",1.40893709567934,"PRAD_T_37"
"PRAD","Tumor",2.54628598759231,"PRAD_T_38"
"PRAD","Tumor",2.28181615594524,"PRAD_T_39"
"PRAD","Tumor",1.47259465528983,"PRAD_T_40"
"PRAD","Tumor",1.04519726079949,"PRAD_T_41"
"PRAD","Tumor",2.37404395218708,"PRAD_T_42"
"PRAD","Tumor",1.11892419463924,"PRAD_T_43"
"PRAD","Tumor",1.92582447502587,"PRAD_T_44"
"PRAD","Tumor",0,"PRAD_T_45"
"PRAD","Tumor",1.72004529583233,"PRAD_T_46"
"PRAD","Tumor",0.432439529224147,"PRAD_T_47"
"PRAD","Tumor",2.13773865562972,"PRAD_T_48"
"PRAD","Tumor",3.02746059090488,"PRAD_T_49"
"PRAD","Tumor",0,"PRAD_T_50"
"PRAD","Tumor",2.35109914224307,"PRAD_T_51"
"PRAD","Tumor",1.07850200922786,"PRAD_T_52"
"PRAD","Tumor",0.0319394828492836,"PRAD_T_53"
"PRAD","Tumor",1.46364303331653,"PRAD_T_54"
"PRAD","Tumor",1.95039904643557,"PRAD_T_55"
"PRAD","Tumor",0.315418492252839,"PRAD_T_56"
"PRAD","Tumor",1.16535885528641,"PRAD_T_57"
"PRAD","Tumor",2.29517835220975,"PRAD_T_58"
"PRAD","Tumor",1.67602650773596,"PRAD_T_59"
"PRAD","Tumor",1.49491907199451,"PRAD_T_60"
"PRAD","Tumor",0.08073068011837,"PRAD_T_61"
"PRAD","Tumor",0.343728093511427,"PRAD_T_62"
"PRAD","Tumor",1.7697678138552,"PRAD_T_63"
"PRAD","Tumor",0.706251900844772,"PRAD_T_64"
"PRAD","Tumor",0,"PRAD_T_65"
"PRAD","Tumor",1.86391946840657,"PRAD_T_66"
"PRAD","Tumor",3.28244321245884,"PRAD_T_67"
"PRAD","Tumor",2.56041906817252,"PRAD_T_68"
"PRAD","Tumor",0.92535910984188,"PRAD_T_69"
"PRAD","Tumor",0.0947536028887812,"PRAD_T_70"
"PRAD","Tumor",1.00957024622317,"PRAD_T_71"
"PRAD","Tumor",1.75726403787401,"PRAD_T_72"
"PRAD","Tumor",1.23917744557194,"PRAD_T_73"
"PRAD","Tumor",1.46135039970529,"PRAD_T_74"
"PRAD","Tumor",2.18809202065561,"PRAD_T_75"
"PRAD","Tumor",0.491997383203033,"PRAD_T_76"
"PRAD","Normal",3.74185930018988,"PRAD_N_1"
"PRAD","Normal",4.64750307266779,"PRAD_N_2"
"PRAD","Normal",0.987238374900191,"PRAD_N_3"
"PRAD","Normal",3.00772207373077,"PRAD_N_4"
"PRAD","Normal",1.14173110420288,"PRAD_N_5"
"PRAD","Normal",2.96416484591754,"PRAD_N_6"
"PRAD","Normal",4.07722103101074,"PRAD_N_7"
"PRAD","Normal",3.05588135364561,"PRAD_N_8"
"PRAD","Normal",3.08760322485647,"PRAD_N_9"
"PRAD","Normal",3.92441485408129,"PRAD_N_10"
"PRAD","Normal",2.76597101432511,"PRAD_N_11"
"PRAD","Normal",4.30193519185924,"PRAD_N_12"
"PRAD","Normal",4.38403947185412,"PRAD_N_13"
"PRAD","Normal",3.43960423009466,"PRAD_N_14"
"PRAD","Normal",3.67759522516903,"PRAD_N_15"
"PRAD","Normal",4.93882466896669,"PRAD_N_16"
"PRAD","Normal",3.82942313300182,"PRAD_N_17"
"PRAD","Normal",3.24140983336005,"PRAD_N_18"
"PRAD","Normal",3.73054260625078,"PRAD_N_19"
"PRAD","Normal",3.72476453695249,"PRAD_N_20"
"PRAD","Normal",2.01994731452384,"PRAD_N_21"
"PRAD","Normal",3.859734519198,"PRAD_N_22"
"PRAD","Normal",4.24677912161172,"PRAD_N_23"
"READ","Tumor",1.34634258673681,"READ_T_1"
"READ","Tumor",1.06746433392754,"READ_T_2"
"READ","Tumor",1.28729601512856,"READ_T_3"
"READ","Tumor",1.77848787300793,"READ_T_4"
"READ","Tumor",0,"READ_T_5"
"READ","Tumor",3.09152394059324,"READ_T_6"
"READ","Tumor",1.50956186728203,"READ_T_7"
"READ","Tumor",1.43104005686005,"READ_T_8"
"READ","Tumor",1.92302551725046,"READ_T_9"
"READ","Tumor",0,"READ_T_10"
"READ","Tumor",0.959245989701252,"READ_T_11"
"READ","Tumor",1.80367968390627,"READ_T_12"
"READ","Tumor",1.0525216620795,"READ_T_13"
"READ","Tumor",1.02889303749416,"READ_T_14"
"READ","Tumor",0.496987430186584,"READ_T_15"
"READ","Tumor",1.91366461719967,"READ_T_16"
"READ","Tumor",0.645834037478132,"READ_T_17"
"READ","Tumor",1.0953403421265,"READ_T_18"
"READ","Tumor",1.19020610087522,"READ_T_19"
"READ","Tumor",0,"READ_T_20"
"READ","Tumor",1.34666342610568,"READ_T_21"
"READ","Tumor",0.978447620316671,"READ_T_22"
"READ","Tumor",0.915201918623427,"READ_T_23"
"READ","Tumor",0,"READ_T_24"
"READ","Tumor",0.549683118797306,"READ_T_25"
"READ","Tumor",0,"READ_T_26"
"READ","Tumor",1.01294153699721,"READ_T_27"
"READ","Tumor",0,"READ_T_28"
"READ","Tumor",0.247897781140481,"READ_T_29"
"READ","Tumor",2.69069975159722,"READ_T_30"
"READ","Tumor",1.99629073231814,"READ_T_31"
"READ","Tumor",0,"READ_T_32"
"READ","Tumor",0.975274395497041,"READ_T_33"
"READ","Tumor",2.01007391962851,"READ_T_34"
"READ","Tumor",1.24289377247571,"READ_T_35"
"READ","Tumor",0,"READ_T_36"
"READ","Tumor",1.29122847129221,"READ_T_37"
"READ","Tumor",0.511912846360391,"READ_T_38"
"READ","Tumor",0.122046943205037,"READ_T_39"
"READ","Tumor",0,"READ_T_40"
"READ","Tumor",1.77683138792365,"READ_T_41"
"READ","Tumor",1.68525120410888,"READ_T_42"
"READ","Tumor",1.35728548352626,"READ_T_43"
"READ","Tumor",0.230495055439531,"READ_T_44"
"READ","Tumor",1.40906240504444,"READ_T_45"
"READ","Tumor",1.49379116014857,"READ_T_46"
"READ","Tumor",1.21057196115845,"READ_T_47"
"READ","Tumor",1.79852760433824,"READ_T_48"
"READ","Tumor",0.0488424561929888,"READ_T_49"
"READ","Tumor",0,"READ_T_50"
"READ","Tumor",1.53319026339829,"READ_T_51"
"READ","Tumor",1.01303000672379,"READ_T_52"
"READ","Tumor",2.14237653713837,"READ_T_53"
"READ","Tumor",0,"READ_T_54"
"READ","Tumor",1.97455232535547,"READ_T_55"
"READ","Tumor",0.460540646815054,"READ_T_56"
"READ","Tumor",0.598730616181152,"READ_T_57"
"READ","Tumor",1.66756787775374,"READ_T_58"
"READ","Tumor",0,"READ_T_59"
"READ","Tumor",1.02987108828999,"READ_T_60"
"READ","Tumor",0.493770605488993,"READ_T_61"
"READ","Tumor",0.936138357244978,"READ_T_62"
"READ","Tumor",1.20267782629031,"READ_T_63"
"READ","Tumor",1.1874755422826,"READ_T_64"
"READ","Tumor",0.607631839375629,"READ_T_65"
"READ","Tumor",0,"READ_T_66"
"READ","Tumor",2.87543752691668,"READ_T_67"
"READ","Tumor",0.597949937347307,"READ_T_68"
"READ","Tumor",0.643577851341421,"READ_T_69"
"READ","Tumor",1.43713297818917,"READ_T_70"
"READ","Tumor",0,"READ_T_71"
"READ","Tumor",0,"READ_T_72"
"READ","Tumor",2.83689267410737,"READ_T_73"
"READ","Tumor",2.48876079863166,"READ_T_74"
"READ","Tumor",0.811863980089647,"READ_T_75"
"READ","Tumor",2.70710240607338,"READ_T_76"
"READ","Tumor",0.93610266248757,"READ_T_77"
"READ","Tumor",1.81111520057234,"READ_T_78"
"READ","Tumor",1.07346739742111,"READ_T_79"
"READ","Tumor",0.897799166382029,"READ_T_80"
"READ","Tumor",1.64373475421558,"READ_T_81"
"READ","Tumor",1.04584124076023,"READ_T_82"
"READ","Tumor",0.139609483839541,"READ_T_83"
"READ","Tumor",0.304914105451639,"READ_T_84"
"READ","Tumor",2.18785292894112,"READ_T_85"
"READ","Tumor",0,"READ_T_86"
"READ","Tumor",1.86398414419305,"READ_T_87"
"READ","Tumor",1.15190087836533,"READ_T_88"
"READ","Normal",3.39848787885637,"READ_N_1"
"READ","Normal",3.30853970811582,"READ_N_2"
"READ","Normal",2.38617714315325,"READ_N_3"
"READ","Normal",1.58324352588789,"READ_N_4"
"READ","Normal",2.42150050840364,"READ_N_5"
"READ","Normal",3.58149283354218,"READ_N_6"
"READ","Normal",2.54858739240707,"READ_N_7"
"READ","Normal",1.33593516349744,"READ_N_8"
"READ","Normal",3.03887506262935,"READ_N_9"
"READ","Normal",2.87122393288823,"READ_N_10"
"READ","Normal",2.32528580017978,"READ_N_11"
"READ","Normal",2.78445768661833,"READ_N_12"
"READ","Normal",3.7412786199698,"READ_N_13"
"READ","Normal",3.685125359339,"READ_N_14"
"READ","Normal",2.28073096949716,"READ_N_15"
"READ","Normal",2.65430037381998,"READ_N_16"
"READ","Normal",1.48249716838614,"READ_N_17"
"READ","Normal",2.06356582355854,"READ_N_18"
"READ","Normal",4.25236080230567,"READ_N_19"
"READ","Normal",3.84417623274229,"READ_N_20"
"READ","Normal",2.46236470410702,"READ_N_21"
"READ","Normal",2.09179636809131,"READ_N_22"
"READ","Normal",1.55246984659881,"READ_N_23"
"READ","Normal",4.34660996734449,"READ_N_24"
"READ","Normal",2.73747226420431,"READ_N_25"
"READ","Normal",2.17060935683984,"READ_N_26"
"READ","Normal",3.50822235469453,"READ_N_27"
"READ","Normal",1.7660998180464,"READ_N_28"
"SARC","Tumor",0.111410637800979,"SARC_T_1"
"SARC","Tumor",0,"SARC_T_2"
"SARC","Tumor",0,"SARC_T_3"
"SARC","Tumor",0,"SARC_T_4"
"SARC","Tumor",1.94219474683872,"SARC_T_5"
"SARC","Tumor",0.0255229723790305,"SARC_T_6"
"SARC","Tumor",0,"SARC_T_7"
"SARC","Tumor",0,"SARC_T_8"
"SARC","Tumor",0,"SARC_T_9"
"SARC","Tumor",1.25805890914164,"SARC_T_10"
"SARC","Tumor",1.56171356664285,"SARC_T_11"
"SARC","Tumor",1.68253272175836,"SARC_T_12"
"SARC","Tumor",0,"SARC_T_13"
"SARC","Tumor",0,"SARC_T_14"
"SARC","Tumor",1.5467548938244,"SARC_T_15"
"SARC","Tumor",0,"SARC_T_16"
"SARC","Tumor",0,"SARC_T_17"
"SARC","Tumor",0.631867633091262,"SARC_T_18"
"SARC","Tumor",0.390720977734506,"SARC_T_19"
"SARC","Tumor",0,"SARC_T_20"
"SARC","Tumor",0,"SARC_T_21"
"SARC","Tumor",0.79938430373304,"SARC_T_22"
"SARC","Tumor",0,"SARC_T_23"
"SARC","Tumor",0.904175862845616,"SARC_T_24"
"SARC","Tumor",0,"SARC_T_25"
"SARC","Tumor",0.976608618256373,"SARC_T_26"
"SARC","Tumor",0.856569396177905,"SARC_T_27"
"SARC","Tumor",0,"SARC_T_28"
"SARC","Tumor",0.743925471362936,"SARC_T_29"
"SARC","Tumor",0,"SARC_T_30"
"SARC","Tumor",2.02469551438266,"SARC_T_31"
"SARC","Tumor",0,"SARC_T_32"
"SARC","Tumor",0.700483237992211,"SARC_T_33"
"SARC","Tumor",0,"SARC_T_34"
"SARC","Tumor",0.568167708339365,"SARC_T_35"
"SARC","Tumor",0,"SARC_T_36"
"SARC","Tumor",0.562365727442299,"SARC_T_37"
"SARC","Tumor",0,"SARC_T_38"
"SARC","Tumor",0,"SARC_T_39"
"SARC","Tumor",0,"SARC_T_40"
"SARC","Tumor",0.635099900817474,"SARC_T_41"
"SARC","Tumor",0,"SARC_T_42"
"SARC","Tumor",0.402927742083891,"SARC_T_43"
"SARC","Tumor",0,"SARC_T_44"
"SARC","Tumor",0,"SARC_T_45"
"SARC","Tumor",0,"SARC_T_46"
"SARC","Tumor",0,"SARC_T_47"
"SARC","Tumor",0,"SARC_T_48"
"SARC","Tumor",0,"SARC_T_49"
"SARC","Tumor",0,"SARC_T_50"
"SARC","Tumor",0,"SARC_T_51"
"SARC","Tumor",0,"SARC_T_52"
"SARC","Tumor",0.472858090758639,"SARC_T_53"
"SARC","Tumor",0,"SARC_T_54"
"SARC","Tumor",0.442077964349471,"SARC_T_55"
"SARC","Tumor",0,"SARC_T_56"
"SARC","Tumor",0,"SARC_T_57"
"SARC","Tumor",0,"SARC_T_58"
"SARC","Tumor",0.410941053438492,"SARC_T_59"
"SARC","Tumor",0,"SARC_T_60"
"SARC","Tumor",0,"SARC_T_61"
"SARC","Tumor",0,"SARC_T_62"
"SARC","Tumor",0.678023292116556,"SARC_T_63"
"SARC","Tumor",0,"SARC_T_64"
"SARC","Tumor",0.818922852257819,"SARC_T_65"
"SARC","Normal",1.1233704969749,"SARC_N_1"
"SARC","Normal",2.25112406927814,"SARC_N_2"
"SARC","Normal",1.8785005611317,"SARC_N_3"
"SARC","Normal",0.672992266438468,"SARC_N_4"
"SARC","Normal",0.704995334813868,"SARC_N_5"
"SARC","Normal",1.5861316123488,"SARC_N_6"
"SARC","Normal",3.33641569626145,"SARC_N_7"
"SARC","Normal",0.563983690681297,"SARC_N_8"
"SARC","Normal",0.814171969639174,"SARC_N_9"
"SARC","Normal",0.772584448055722,"SARC_N_10"
"SARC","Normal",0,"SARC_N_11"
"SARC","Normal",0,"SARC_N_12"
"SARC","Normal",0.669466286022543,"SARC_N_13"
"SARC","Normal",0.184797560866631,"SARC_N_14"
"SARC","Normal",1.01320060446077,"SARC_N_15"
"SARC","Normal",0.756052319428347,"SARC_N_16"
"SARC","Normal",0.240180318507742,"SARC_N_17"
"SARC","Normal",1.18612079332595,"SARC_N_18"
"SARC","Normal",0.852363108138646,"SARC_N_19"
"SARC","Normal",1.01491463874434,"SARC_N_20"
"SARC","Normal",0,"SARC_N_21"
"SARC","Normal",1.47310773938337,"SARC_N_22"
"SARC","Normal",1.13533909075148,"SARC_N_23"
"SARC","Normal",0.876794870081816,"SARC_N_24"
"SARC","Normal",0.608367749586478,"SARC_N_25"
"SARC","Normal",1.07452809452163,"SARC_N_26"
"SARC","Normal",0.490360109890253,"SARC_N_27"
"SARC","Normal",0.580420094122485,"SARC_N_28"
"SARC","Normal",1.56289011404364,"SARC_N_29"
"SARC","Normal",0.252182778627847,"SARC_N_30"
"SARC","Normal",2.72852470722645,"SARC_N_31"
"SARC","Normal",0,"SARC_N_32"
"SARC","Normal",1.70127024837587,"SARC_N_33"
"SARC","Normal",0.523041331821267,"SARC_N_34"
"SARC","Normal",1.35326967569515,"SARC_N_35"
"SARC","Normal",1.69280170449617,"SARC_N_36"
"SARC","Normal",2.11943604340982,"SARC_N_37"
"SARC","Normal",2.08640004743006,"SARC_N_38"
"SARC","Normal",0.770309609887549,"SARC_N_39"
"SARC","Normal",0.305870909198996,"SARC_N_40"
"SARC","Normal",1.07788689022964,"SARC_N_41"
"SARC","Normal",2.02443115155174,"SARC_N_42"
"SARC","Normal",1.63052503777648,"SARC_N_43"
"SARC","Normal",0.741383388620471,"SARC_N_44"
"SARC","Normal",1.32828979164796,"SARC_N_45"
"SARC","Normal",1.03325840079751,"SARC_N_46"
"SARC","Normal",1.81076033267987,"SARC_N_47"
"SARC","Normal",2.08283813374005,"SARC_N_48"
"SARC","Normal",1.02858219372895,"SARC_N_49"
"SARC","Normal",1.7897883861166,"SARC_N_50"
"SKCM","Tumor",3.13390253596833,"SKCM_T_1"
"SKCM","Tumor",4.01002106688858,"SKCM_T_2"
"SKCM","Tumor",0,"SKCM_T_3"
"SKCM","Tumor",3.02662356148449,"SKCM_T_4"
"SKCM","Tumor",1.33066112233923,"SKCM_T_5"
"SKCM","Tumor",3.43934239905504,"SKCM_T_6"
"SKCM","Tumor",2.62887390783236,"SKCM_T_7"
"SKCM","Tumor",3.72796940573496,"SKCM_T_8"
"SKCM","Tumor",0.800250927917869,"SKCM_T_9"
"SKCM","Tumor",2.77764353130337,"SKCM_T_10"
"SKCM","Tumor",2.57817157170916,"SKCM_T_11"
"SKCM","Tumor",3.33087447959395,"SKCM_T_12"
"SKCM","Tumor",2.05184372503953,"SKCM_T_13"
"SKCM","Tumor",3.42702907960327,"SKCM_T_14"
"SKCM","Tumor",1.83805135819865,"SKCM_T_15"
"SKCM","Tumor",1.85377482978142,"SKCM_T_16"
"SKCM","Tumor",2.30839153513031,"SKCM_T_17"
"SKCM","Tumor",1.21376006129223,"SKCM_T_18"
"SKCM","Tumor",1.82644059284024,"SKCM_T_19"
"SKCM","Tumor",3.39301606215694,"SKCM_T_20"
"SKCM","Tumor",3.93484093798025,"SKCM_T_21"
"SKCM","Tumor",3.39726691330288,"SKCM_T_22"
"SKCM","Tumor",1.85814705848594,"SKCM_T_23"
"SKCM","Tumor",2.60149211921415,"SKCM_T_24"
"SKCM","Tumor",2.38150188261927,"SKCM_T_25"
"SKCM","Tumor",1.02398476073873,"SKCM_T_26"
"SKCM","Tumor",2.54042044481524,"SKCM_T_27"
"SKCM","Tumor",1.45871890600272,"SKCM_T_28"
"SKCM","Tumor",1.22238801472739,"SKCM_T_29"
"SKCM","Tumor",3.00851769504043,"SKCM_T_30"
"SKCM","Tumor",1.57508034656819,"SKCM_T_31"
"SKCM","Tumor",2.13896348316491,"SKCM_T_32"
"SKCM","Tumor",1.30929665679309,"SKCM_T_33"
"SKCM","Tumor",2.33895665952767,"SKCM_T_34"
"SKCM","Tumor",2.77535878682501,"SKCM_T_35"
"SKCM","Tumor",2.78555748834144,"SKCM_T_36"
"SKCM","Tumor",1.20775425644514,"SKCM_T_37"
"SKCM","Tumor",3.5410544837011,"SKCM_T_38"
"SKCM","Tumor",3.77598394671892,"SKCM_T_39"
"SKCM","Tumor",2.65592266008528,"SKCM_T_40"
"SKCM","Tumor",2.44049178155887,"SKCM_T_41"
"SKCM","Tumor",2.36035513699561,"SKCM_T_42"
"SKCM","Tumor",2.54055817961427,"SKCM_T_43"
"SKCM","Tumor",2.65943582239716,"SKCM_T_44"
"SKCM","Tumor",2.4198358526227,"SKCM_T_45"
"SKCM","Tumor",2.93683540458926,"SKCM_T_46"
"SKCM","Tumor",1.94724369129699,"SKCM_T_47"
"SKCM","Tumor",3.4123571621767,"SKCM_T_48"
"SKCM","Tumor",2.2453294219039,"SKCM_T_49"
"SKCM","Tumor",0.527318217138364,"SKCM_T_50"
"SKCM","Tumor",2.18329186429112,"SKCM_T_51"
"SKCM","Tumor",2.7300326863284,"SKCM_T_52"
"SKCM","Tumor",3.51304390650823,"SKCM_T_53"
"SKCM","Tumor",2.34322266628963,"SKCM_T_54"
"SKCM","Tumor",0.342943032003524,"SKCM_T_55"
"SKCM","Tumor",2.28784399959989,"SKCM_T_56"
"SKCM","Tumor",1.08380031170705,"SKCM_T_57"
"SKCM","Tumor",1.30690653002478,"SKCM_T_58"
"SKCM","Tumor",1.25738518243956,"SKCM_T_59"
"SKCM","Tumor",1.48378530916196,"SKCM_T_60"
"SKCM","Tumor",3.42014132423122,"SKCM_T_61"
"SKCM","Tumor",1.45148333413068,"SKCM_T_62"
"SKCM","Tumor",1.84394945972156,"SKCM_T_63"
"SKCM","Tumor",2.46718569507478,"SKCM_T_64"
"SKCM","Tumor",3.17339185925372,"SKCM_T_65"
"SKCM","Tumor",1.61630722359954,"SKCM_T_66"
"SKCM","Tumor",1.45678836980453,"SKCM_T_67"
"SKCM","Tumor",1.76439651146068,"SKCM_T_68"
"SKCM","Tumor",1.11129353444115,"SKCM_T_69"
"SKCM","Tumor",3.20304558314434,"SKCM_T_70"
"SKCM","Tumor",0.101054099575582,"SKCM_T_71"
"SKCM","Tumor",1.75532015631963,"SKCM_T_72"
"SKCM","Tumor",0.841872211580651,"SKCM_T_73"
"SKCM","Tumor",0.32622744948475,"SKCM_T_74"
"SKCM","Tumor",2.31167043075379,"SKCM_T_75"
"SKCM","Tumor",3.8212478949973,"SKCM_T_76"
"SKCM","Tumor",3.91765258847435,"SKCM_T_77"
"SKCM","Tumor",1.72023602532176,"SKCM_T_78"
"SKCM","Tumor",1.58605652515628,"SKCM_T_79"
"SKCM","Tumor",1.74478593020294,"SKCM_T_80"
"SKCM","Tumor",2.99312246545838,"SKCM_T_81"
"SKCM","Tumor",0,"SKCM_T_82"
"SKCM","Tumor",2.53071270809682,"SKCM_T_83"
"SKCM","Tumor",1.87747185266697,"SKCM_T_84"
"SKCM","Tumor",1.53907373682342,"SKCM_T_85"
"SKCM","Tumor",0.276892202354402,"SKCM_T_86"
"SKCM","Tumor",2.07718581589157,"SKCM_T_87"
"SKCM","Tumor",0.633955461218659,"SKCM_T_88"
"SKCM","Tumor",2.26770436048219,"SKCM_T_89"
"SKCM","Tumor",1.38811055616111,"SKCM_T_90"
"SKCM","Tumor",2.32933195785809,"SKCM_T_91"
"SKCM","Tumor",2.74401631305831,"SKCM_T_92"
"SKCM","Tumor",1.77927346647658,"SKCM_T_93"
"SKCM","Tumor",1.26061377745852,"SKCM_T_94"
"SKCM","Tumor",1.67127000464422,"SKCM_T_95"
"SKCM","Tumor",1.61561873046003,"SKCM_T_96"
"SKCM","Normal",2.51924305207095,"SKCM_N_1"
"SKCM","Normal",3.7189414846652,"SKCM_N_2"
"SKCM","Normal",2.41116824741487,"SKCM_N_3"
"SKCM","Normal",1.97550746841719,"SKCM_N_4"
"SKCM","Normal",3.3725011686809,"SKCM_N_5"
"SKCM","Normal",3.0067807815792,"SKCM_N_6"
"SKCM","Normal",3.11749481987815,"SKCM_N_7"
"SKCM","Normal",4.71925946727854,"SKCM_N_8"
"SKCM","Normal",2.34227377070196,"SKCM_N_9"
"SKCM","Normal",2.52452689030079,"SKCM_N_10"
"SKCM","Normal",3.57848725884985,"SKCM_N_11"
"SKCM","Normal",3.59366538477955,"SKCM_N_12"
"SKCM","Normal",0.899631878040666,"SKCM_N_13"
"SKCM","Normal",2.63613944679713,"SKCM_N_14"
"SKCM","Normal",2.44268070242438,"SKCM_N_15"
"SKCM","Normal",3.83991467530063,"SKCM_N_16"
"SKCM","Normal",2.91933530796356,"SKCM_N_17"
"SKCM","Normal",1.89785263439855,"SKCM_N_18"
"SKCM","Normal",2.84345787769831,"SKCM_N_19"
"SKCM","Normal",2.62143260005862,"SKCM_N_20"
"SKCM","Normal",1.65733294214303,"SKCM_N_21"
"SKCM","Normal",2.2832193711348,"SKCM_N_22"
"SKCM","Normal",1.42729741853601,"SKCM_N_23"
"SKCM","Normal",3.85821992759763,"SKCM_N_24"
"SKCM","Normal",1.74586084775239,"SKCM_N_25"
"SKCM","Normal",2.0462211443064,"SKCM_N_26"
"SKCM","Normal",3.13774639575047,"SKCM_N_27"
"SKCM","Normal",3.33146846198631,"SKCM_N_28"
"SKCM","Normal",2.9733546625607,"SKCM_N_29"
"STAD","Tumor",1.94223373952148,"STAD_T_1"
"STAD","Tumor",0,"STAD_T_2"
"STAD","Tumor",0.0175071615128676,"STAD_T_3"
"STAD","Tumor",0.586472270556552,"STAD_T_4"
"STAD","Tumor",0,"STAD_T_5"
"STAD","Tumor",2.33845360002874,"STAD_T_6"
"STAD","Tumor",0.485404688911351,"STAD_T_7"
"STAD","Tumor",0,"STAD_T_8"
"STAD","Tumor",0,"STAD_T_9"
"STAD","Tumor",1.59174815243665,"STAD_T_10"
"STAD","Tumor",2.5883623304273,"STAD_T_11"
"STAD","Tumor",0.595084486110968,"STAD_T_12"
"STAD","Tumor",0.826381797299522,"STAD_T_13"
"STAD","Tumor",0,"STAD_T_14"
"STAD","Tumor",2.03599770065239,"STAD_T_15"
"STAD","Tumor",1.44200991626918,"STAD_T_16"
"STAD","Tumor",0,"STAD_T_17"
"STAD","Tumor",0.0741204441056833,"STAD_T_18"
"STAD","Tumor",0.48523549558168,"STAD_T_19"
"STAD","Tumor",0,"STAD_T_20"
"STAD","Tumor",0.446128814321052,"STAD_T_21"
"STAD","Tumor",0,"STAD_T_22"
"STAD","Tumor",1.07866094365378,"STAD_T_23"
"STAD","Tumor",1.05499775378835,"STAD_T_24"
"STAD","Tumor",1.53033734306259,"STAD_T_25"
"STAD","Tumor",1.13580912585678,"STAD_T_26"
"STAD","Tumor",2.31346702877707,"STAD_T_27"
"STAD","Tumor",0.333215112635108,"STAD_T_28"
"STAD","Tumor",0,"STAD_T_29"
"STAD","Tumor",0.745012203003096,"STAD_T_30"
"STAD","Tumor",1.36920183494871,"STAD_T_31"
"STAD","Tumor",0.318117390410406,"STAD_T_32"
"STAD","Tumor",2.12022946755612,"STAD_T_33"
"STAD","Tumor",1.81412166860928,"STAD_T_34"
"STAD","Tumor",1.25684628884442,"STAD_T_35"
"STAD","Tumor",0.78912774769782,"STAD_T_36"
"STAD","Tumor",0.167852356729424,"STAD_T_37"
"STAD","Tumor",0.542409622141266,"STAD_T_38"
"STAD","Tumor",1.18853083759313,"STAD_T_39"
"STAD","Tumor",1.6871497781709,"STAD_T_40"
"STAD","Tumor",0.423238333108877,"STAD_T_41"
"STAD","Tumor",0,"STAD_T_42"
"STAD","Tumor",3.19495885178931,"STAD_T_43"
"STAD","Tumor",1.23791016027291,"STAD_T_44"
"STAD","Tumor",0,"STAD_T_45"
"STAD","Tumor",1.65033204626646,"STAD_T_46"
"STAD","Tumor",0.781039487821062,"STAD_T_47"
"STAD","Tumor",1.54614223844484,"STAD_T_48"
"STAD","Tumor",0.771149942484038,"STAD_T_49"
"STAD","Tumor",0.660923938677999,"STAD_T_50"
"STAD","Tumor",0.809964610635469,"STAD_T_51"
"STAD","Tumor",1.13213378697576,"STAD_T_52"
"STAD","Tumor",0.109267258379279,"STAD_T_53"
"STAD","Tumor",0.0639897596500691,"STAD_T_54"
"STAD","Tumor",0.534573783783848,"STAD_T_55"
"STAD","Tumor",0.890654421560298,"STAD_T_56"
"STAD","Tumor",0.401976534653813,"STAD_T_57"
"STAD","Tumor",1.03633755238111,"STAD_T_58"
"STAD","Tumor",0,"STAD_T_59"
"STAD","Tumor",0,"STAD_T_60"
"STAD","Tumor",2.61136362243129,"STAD_T_61"
"STAD","Tumor",1.11723010298352,"STAD_T_62"
"STAD","Tumor",0.32232485652863,"STAD_T_63"
"STAD","Tumor",0.439395141432846,"STAD_T_64"
"STAD","Tumor",1.50447152096677,"STAD_T_65"
"STAD","Tumor",0.509032175693853,"STAD_T_66"
"STAD","Tumor",0.911467953799892,"STAD_T_67"
"STAD","Tumor",0.454627363824758,"STAD_T_68"
"STAD","Tumor",0.21796193198645,"STAD_T_69"
"STAD","Tumor",1.32154280344346,"STAD_T_70"
"STAD","Tumor",0.860847548273357,"STAD_T_71"
"STAD","Tumor",2.02116565689355,"STAD_T_72"
"STAD","Tumor",0,"STAD_T_73"
"STAD","Tumor",0.584045583873814,"STAD_T_74"
"STAD","Tumor",0.510364041103421,"STAD_T_75"
"STAD","Tumor",0,"STAD_T_76"
"STAD","Tumor",1.71721171618148,"STAD_T_77"
"STAD","Tumor",0.611953240849065,"STAD_T_78"
"STAD","Tumor",0,"STAD_T_79"
"STAD","Tumor",0.127212362528989,"STAD_T_80"
"STAD","Tumor",0,"STAD_T_81"
"STAD","Tumor",1.75844150253763,"STAD_T_82"
"STAD","Tumor",3.26225744678532,"STAD_T_83"
"STAD","Tumor",0.0456371707867977,"STAD_T_84"
"STAD","Tumor",0.627122981821411,"STAD_T_85"
"STAD","Tumor",0.999088024213867,"STAD_T_86"
"STAD","Tumor",3.42831240893002,"STAD_T_87"
"STAD","Tumor",0,"STAD_T_88"
"STAD","Tumor",0.205397254226893,"STAD_T_89"
"STAD","Normal",2.1229634875352,"STAD_N_1"
"STAD","Normal",1.732336181287,"STAD_N_2"
"STAD","Normal",2.3327087858926,"STAD_N_3"
"STAD","Normal",0.88305243685996,"STAD_N_4"
"STAD","Normal",1.42301823304928,"STAD_N_5"
"STAD","Normal",3.45333238527316,"STAD_N_6"
"STAD","Normal",2.40433309010199,"STAD_N_7"
"STAD","Normal",1.13554008256292,"STAD_N_8"
"STAD","Normal",1.31973821102537,"STAD_N_9"
"STAD","Normal",1.87888652453286,"STAD_N_10"
"STAD","Normal",1.5356679836782,"STAD_N_11"
"STAD","Normal",1.10001455946566,"STAD_N_12"
"STAD","Normal",3.07439309468551,"STAD_N_13"
"STAD","Normal",2.43097716732685,"STAD_N_14"
"STAD","Normal",2.75119735757336,"STAD_N_15"
"STAD","Normal",1.56649000106488,"STAD_N_16"
"STAD","Normal",2.08595229697238,"STAD_N_17"
"STAD","Normal",0.750053503823912,"STAD_N_18"
"STAD","Normal",2.29508540976445,"STAD_N_19"
"STAD","Normal",2.55261824073488,"STAD_N_20"
"STAD","Normal",3.07831502227326,"STAD_N_21"
"STAD","Normal",1.9798727099578,"STAD_N_22"
"STAD","Normal",1.58421535842983,"STAD_N_23"
"STAD","Normal",2.1206775955214,"STAD_N_24"
"STAD","Normal",3.08079494811625,"STAD_N_25"
"STAD","Normal",2.33398066775522,"STAD_N_26"
"STAD","Normal",2.26830955425664,"STAD_N_27"
"TGCT","Tumor",1.15168158251942,"TGCT_T_1"
"TGCT","Tumor",3.21607411276126,"TGCT_T_2"
"TGCT","Tumor",1.92651623045175,"TGCT_T_3"
"TGCT","Tumor",1.56477623897356,"TGCT_T_4"
"TGCT","Tumor",1.93407482431343,"TGCT_T_5"
"TGCT","Tumor",2.0870945769245,"TGCT_T_6"
"TGCT","Tumor",3.64756020862247,"TGCT_T_7"
"TGCT","Tumor",0.89997220859487,"TGCT_T_8"
"TGCT","Tumor",4.4696874004196,"TGCT_T_9"
"TGCT","Tumor",1.23738381046561,"TGCT_T_10"
"TGCT","Tumor",2.18533957188869,"TGCT_T_11"
"TGCT","Tumor",0,"TGCT_T_12"
"TGCT","Tumor",1.3562356665989,"TGCT_T_13"
"TGCT","Tumor",2.74246956105735,"TGCT_T_14"
"TGCT","Tumor",2.51592925550764,"TGCT_T_15"
"TGCT","Tumor",2.42126841868117,"TGCT_T_16"
"TGCT","Tumor",1.54393089339593,"TGCT_T_17"
"TGCT","Tumor",0.167123730870791,"TGCT_T_18"
"TGCT","Tumor",0.937871569869203,"TGCT_T_19"
"TGCT","Tumor",1.78086743160458,"TGCT_T_20"
"TGCT","Tumor",2.63233337191932,"TGCT_T_21"
"TGCT","Tumor",2.84814167831832,"TGCT_T_22"
"TGCT","Tumor",1.70780814777471,"TGCT_T_23"
"TGCT","Tumor",1.85914366251623,"TGCT_T_24"
"TGCT","Tumor",1.84784467440488,"TGCT_T_25"
"TGCT","Tumor",2.06854172988435,"TGCT_T_26"
"TGCT","Tumor",3.54784108251477,"TGCT_T_27"
"TGCT","Tumor",1.28398366883823,"TGCT_T_28"
"TGCT","Tumor",1.80593347737627,"TGCT_T_29"
"TGCT","Tumor",2.08942248937162,"TGCT_T_30"
"TGCT","Tumor",0.672430303743562,"TGCT_T_31"
"TGCT","Tumor",1.08966696172567,"TGCT_T_32"
"TGCT","Tumor",2.21095814553773,"TGCT_T_33"
"TGCT","Tumor",2.43776532466772,"TGCT_T_34"
"TGCT","Tumor",3.15078640630894,"TGCT_T_35"
"TGCT","Tumor",1.54499024049011,"TGCT_T_36"
"TGCT","Tumor",3.46459681816297,"TGCT_T_37"
"TGCT","Tumor",1.14613997960909,"TGCT_T_38"
"TGCT","Tumor",0.414413117426356,"TGCT_T_39"
"TGCT","Tumor",0.0646827513766268,"TGCT_T_40"
"TGCT","Tumor",3.1147464718692,"TGCT_T_41"
"TGCT","Tumor",2.31556830823408,"TGCT_T_42"
"TGCT","Tumor",1.88027430698009,"TGCT_T_43"
"TGCT","Tumor",1.71708280991673,"TGCT_T_44"
"TGCT","Tumor",3.59695165233539,"TGCT_T_45"
"TGCT","Tumor",3.21184170098787,"TGCT_T_46"
"TGCT","Tumor",1.00695648572937,"TGCT_T_47"
"TGCT","Tumor",0.619679214112395,"TGCT_T_48"
"TGCT","Tumor",3.09599207785848,"TGCT_T_49"
"TGCT","Tumor",2.57130800294596,"TGCT_T_50"
"TGCT","Tumor",1.49971521183891,"TGCT_T_51"
"TGCT","Tumor",2.40714816249972,"TGCT_T_52"
"TGCT","Tumor",0,"TGCT_T_53"
"TGCT","Tumor",1.34555472399517,"TGCT_T_54"
"TGCT","Tumor",2.44570340245472,"TGCT_T_55"
"TGCT","Tumor",1.93778455790466,"TGCT_T_56"
"TGCT","Tumor",0.728808552813285,"TGCT_T_57"
"TGCT","Tumor",3.02596232760559,"TGCT_T_58"
"TGCT","Tumor",3.17375553613064,"TGCT_T_59"
"TGCT","Tumor",1.07065635847162,"TGCT_T_60"
"TGCT","Tumor",1.8252295678056,"TGCT_T_61"
"TGCT","Tumor",2.74131013638887,"TGCT_T_62"
"TGCT","Tumor",2.87442103964728,"TGCT_T_63"
"TGCT","Tumor",1.48194858229376,"TGCT_T_64"
"TGCT","Normal",3.03370067076445,"TGCT_N_1"
"TGCT","Normal",2.52199987666246,"TGCT_N_2"
"TGCT","Normal",1.27396047650213,"TGCT_N_3"
"TGCT","Normal",4.52659993717327,"TGCT_N_4"
"TGCT","Normal",2.55550358104166,"TGCT_N_5"
"TGCT","Normal",2.02089157563195,"TGCT_N_6"
"TGCT","Normal",2.9834626231396,"TGCT_N_7"
"TGCT","Normal",3.47457901050182,"TGCT_N_8"
"TGCT","Normal",2.36504693865383,"TGCT_N_9"
"TGCT","Normal",2.40938277954589,"TGCT_N_10"
"TGCT","Normal",3.20837342511464,"TGCT_N_11"
"TGCT","Normal",2.61629085493805,"TGCT_N_12"
"TGCT","Normal",2.99777355001259,"TGCT_N_13"
"TGCT","Normal",2.40920980297965,"TGCT_N_14"
"TGCT","Normal",1.96203688289288,"TGCT_N_15"
"TGCT","Normal",1.91407009617112,"TGCT_N_16"
"TGCT","Normal",3.55196700246732,"TGCT_N_17"
"TGCT","Normal",2.68462025202059,"TGCT_N_18"
"TGCT","Normal",3.77658031241821,"TGCT_N_19"
"TGCT","Normal",3.82858905645718,"TGCT_N_20"
"TGCT","Normal",1.99208875596553,"TGCT_N_21"
"TGCT","Normal",2.49061370817535,"TGCT_N_22"
"TGCT","Normal",3.71788582414784,"TGCT_N_23"
"TGCT","Normal",2.39009796748359,"TGCT_N_24"
"TGCT","Normal",2.94531308784385,"TGCT_N_25"
"TGCT","Normal",2.44209544969242,"TGCT_N_26"
"TGCT","Normal",3.26288536964528,"TGCT_N_27"
"TGCT","Normal",2.74260961035978,"TGCT_N_28"
"TGCT","Normal",2.37572458414737,"TGCT_N_29"
"TGCT","Normal",2.52934740071485,"TGCT_N_30"
"TGCT","Normal",2.32934961616522,"TGCT_N_31"
"TGCT","Normal",2.51789947231499,"TGCT_N_32"
"TGCT","Normal",0.900820179208666,"TGCT_N_33"
"TGCT","Normal",1.98428353892343,"TGCT_N_34"
"THCA","Tumor",1.56479735383076,"THCA_T_1"
"THCA","Tumor",3.37769825653537,"THCA_T_2"
"THCA","Tumor",0,"THCA_T_3"
"THCA","Tumor",0.33660123343559,"THCA_T_4"
"THCA","Tumor",0.0437974275827666,"THCA_T_5"
"THCA","Tumor",2.2836930408652,"THCA_T_6"
"THCA","Tumor",1.07729561515499,"THCA_T_7"
"THCA","Tumor",1.19292909459206,"THCA_T_8"
"THCA","Tumor",3.10624436882799,"THCA_T_9"
"THCA","Tumor",0.743911097704323,"THCA_T_10"
"THCA","Tumor",3.34573215173214,"THCA_T_11"
"THCA","Tumor",0,"THCA_T_12"
"THCA","Tumor",2.64077316353735,"THCA_T_13"
"THCA","Tumor",1.64605855306369,"THCA_T_14"
"THCA","Tumor",0.934337030497234,"THCA_T_15"
"THCA","Tumor",1.15010064710179,"THCA_T_16"
"THCA","Tumor",2.66191221826778,"THCA_T_17"
"THCA","Tumor",3.02674342286575,"THCA_T_18"
"THCA","Tumor",0,"THCA_T_19"
"THCA","Tumor",4.74403215884591,"THCA_T_20"
"THCA","Tumor",3.90088020486663,"THCA_T_21"
"THCA","Tumor",0.79761571583324,"THCA_T_22"
"THCA","Tumor",1.25855564528193,"THCA_T_23"
"THCA","Tumor",0.659390194952187,"THCA_T_24"
"THCA","Tumor",1.22993646189867,"THCA_T_25"
"THCA","Tumor",2.06279698873469,"THCA_T_26"
"THCA","Tumor",1.42630036541942,"THCA_T_27"
"THCA","Tumor",1.51494454869319,"THCA_T_28"
"THCA","Tumor",2.80174515318525,"THCA_T_29"
"THCA","Tumor",0,"THCA_T_30"
"THCA","Tumor",0.831494503087039,"THCA_T_31"
"THCA","Tumor",1.46735482175175,"THCA_T_32"
"THCA","Tumor",0.539836913171176,"THCA_T_33"
"THCA","Tumor",2.3839037907759,"THCA_T_34"
"THCA","Tumor",0.877431908366833,"THCA_T_35"
"THCA","Tumor",0.893757396716094,"THCA_T_36"
"THCA","Tumor",2.51194935101871,"THCA_T_37"
"THCA","Tumor",2.15723162355036,"THCA_T_38"
"THCA","Tumor",1.17263007262478,"THCA_T_39"
"THCA","Tumor",0.995180417702397,"THCA_T_40"
"THCA","Tumor",0,"THCA_T_41"
"THCA","Tumor",0.625652965937238,"THCA_T_42"
"THCA","Normal",1.82013174623264,"THCA_N_1"
"THCA","Normal",3.20538621308931,"THCA_N_2"
"THCA","Normal",3.40239938867314,"THCA_N_3"
"THCA","Normal",4.04038507793329,"THCA_N_4"
"THCA","Normal",2.48709786932019,"THCA_N_5"
"THCA","Normal",4.27769814641878,"THCA_N_6"
"THCA","Normal",2.2267874267918,"THCA_N_7"
"THCA","Normal",2.50750929695879,"THCA_N_8"
"THCA","Normal",4.25851157958243,"THCA_N_9"
"THCA","Normal",3.1853312997431,"THCA_N_10"
"THCA","Normal",2.32332719316093,"THCA_N_11"
"THCA","Normal",2.55018386738554,"THCA_N_12"
"THCA","Normal",2.86516286311039,"THCA_N_13"
"THCA","Normal",2.82641699874427,"THCA_N_14"
"THCA","Normal",2.24482642820065,"THCA_N_15"
"THCA","Normal",3.81923313840434,"THCA_N_16"
"THCA","Normal",3.48330076314517,"THCA_N_17"
"THCA","Normal",1.76257695946947,"THCA_N_18"
"THCA","Normal",2.72244974923037,"THCA_N_19"
"THCA","Normal",2.0626253069539,"THCA_N_20"
"THCA","Normal",2.18309775796711,"THCA_N_21"
"THCA","Normal",2.98975339903883,"THCA_N_22"
"THCA","Normal",2.28298361448352,"THCA_N_23"
"THYM","Tumor",3.69089908426632,"THYM_T_1"
"THYM","Tumor",3.98285114084485,"THYM_T_2"
"THYM","Tumor",2.62263512895648,"THYM_T_3"
"THYM","Tumor",1.39620691363105,"THYM_T_4"
"THYM","Tumor",1.24429398814628,"THYM_T_5"
"THYM","Tumor",1.58964807429531,"THYM_T_6"
"THYM","Tumor",1.15908696718061,"THYM_T_7"
"THYM","Tumor",2.59297805857804,"THYM_T_8"
"THYM","Tumor",1.55043212920425,"THYM_T_9"
"THYM","Tumor",0,"THYM_T_10"
"THYM","Tumor",0.806471511779625,"THYM_T_11"
"THYM","Tumor",3.96438732026783,"THYM_T_12"
"THYM","Tumor",3.185566798708,"THYM_T_13"
"THYM","Tumor",2.0028208234669,"THYM_T_14"
"THYM","Tumor",1.97808810857429,"THYM_T_15"
"THYM","Tumor",2.00655468486664,"THYM_T_16"
"THYM","Tumor",2.10946320130319,"THYM_T_17"
"THYM","Tumor",2.08555097926341,"THYM_T_18"
"THYM","Tumor",1.30618562329104,"THYM_T_19"
"THYM","Tumor",0.720127219149944,"THYM_T_20"
"THYM","Tumor",0.687021410185735,"THYM_T_21"
"THYM","Tumor",0.929123042264108,"THYM_T_22"
"THYM","Tumor",1.7758995147161,"THYM_T_23"
"THYM","Tumor",2.20610874337954,"THYM_T_24"
"THYM","Tumor",2.73016633934477,"THYM_T_25"
"THYM","Tumor",2.73667233241691,"THYM_T_26"
"THYM","Tumor",2.32579014721681,"THYM_T_27"
"THYM","Tumor",2.49904184949823,"THYM_T_28"
"THYM","Tumor",1.4082535528674,"THYM_T_29"
"THYM","Tumor",1.80027887086602,"THYM_T_30"
"THYM","Tumor",1.8112279548364,"THYM_T_31"
"THYM","Tumor",2.37359940859133,"THYM_T_32"
"THYM","Tumor",1.26064126799883,"THYM_T_33"
"THYM","Tumor",3.21000187546813,"THYM_T_34"
"THYM","Tumor",1.4646621767105,"THYM_T_35"
"THYM","Tumor",1.89937178194661,"THYM_T_36"
"THYM","Tumor",0.434983104548126,"THYM_T_37"
"THYM","Tumor",1.92116732068746,"THYM_T_38"
"THYM","Tumor",2.95099611180727,"THYM_T_39"
"THYM","Tumor",2.25207135436597,"THYM_T_40"
"THYM","Tumor",2.05340246806716,"THYM_T_41"
"THYM","Tumor",2.28528657680212,"THYM_T_42"
"THYM","Tumor",2.71000478169247,"THYM_T_43"
"THYM","Tumor",1.66400567349911,"THYM_T_44"
"THYM","Tumor",0.634694033098159,"THYM_T_45"
"THYM","Tumor",2.55939351983947,"THYM_T_46"
"THYM","Tumor",1.18256468555759,"THYM_T_47"
"THYM","Tumor",2.96514554897229,"THYM_T_48"
"THYM","Tumor",3.0173479942989,"THYM_T_49"
"THYM","Tumor",1.31391283052582,"THYM_T_50"
"THYM","Tumor",0.392110417361162,"THYM_T_51"
"THYM","Tumor",3.19343456514389,"THYM_T_52"
"THYM","Tumor",3.67394885273373,"THYM_T_53"
"THYM","Tumor",2.77273160399259,"THYM_T_54"
"THYM","Tumor",1.36190175636355,"THYM_T_55"
"THYM","Tumor",1.23683663538087,"THYM_T_56"
"THYM","Normal",1.17156274153201,"THYM_N_1"
"THYM","Normal",2.26011392171958,"THYM_N_2"
"THYM","Normal",0.624119413731094,"THYM_N_3"
"THYM","Normal",2.18675543118662,"THYM_N_4"
"THYM","Normal",0.735225519707651,"THYM_N_5"
"THYM","Normal",1.80440806864901,"THYM_N_6"
"THYM","Normal",0.58363166456811,"THYM_N_7"
"THYM","Normal",1.47790016070228,"THYM_N_8"
"THYM","Normal",1.36866249667385,"THYM_N_9"
"THYM","Normal",2.43341574701165,"THYM_N_10"
"THYM","Normal",1.52389832055271,"THYM_N_11"
"THYM","Normal",1.37471994312324,"THYM_N_12"
"THYM","Normal",2.96680857487308,"THYM_N_13"
"THYM","Normal",3.32493235235894,"THYM_N_14"
"THYM","Normal",2.86438033198948,"THYM_N_15"
"THYM","Normal",0.796602020508117,"THYM_N_16"
"THYM","Normal",3.01091849069748,"THYM_N_17"
"UCEC","Tumor",3.22890306676,"UCEC_T_1"
"UCEC","Tumor",1.64677836281417,"UCEC_T_2"
"UCEC","Tumor",3.65216566627108,"UCEC_T_3"
"UCEC","Tumor",2.73809072993852,"UCEC_T_4"
"UCEC","Tumor",1.57675722340893,"UCEC_T_5"
"UCEC","Tumor",1.84898377940665,"UCEC_T_6"
"UCEC","Tumor",0,"UCEC_T_7"
"UCEC","Tumor",2.33774997599185,"UCEC_T_8"
"UCEC","Tumor",1.23882183495937,"UCEC_T_9"
"UCEC","Tumor",2.571945064437,"UCEC_T_10"
"UCEC","Tumor",0.0935571275584769,"UCEC_T_11"
"UCEC","Tumor",1.31600243524488,"UCEC_T_12"
"UCEC","Tumor",1.08868621934996,"UCEC_T_13"
"UCEC","Tumor",2.43817234794379,"UCEC_T_14"
"UCEC","Tumor",0.327713208627756,"UCEC_T_15"
"UCEC","Tumor",0.803850649861974,"UCEC_T_16"
"UCEC","Tumor",0.0623931031112079,"UCEC_T_17"
"UCEC","Tumor",0.699477297488644,"UCEC_T_18"
"UCEC","Tumor",1.22411757740115,"UCEC_T_19"
"UCEC","Tumor",0.840737658685631,"UCEC_T_20"
"UCEC","Tumor",0.44822553379333,"UCEC_T_21"
"UCEC","Tumor",2.17423562576552,"UCEC_T_22"
"UCEC","Tumor",0.622403821025716,"UCEC_T_23"
"UCEC","Tumor",0,"UCEC_T_24"
"UCEC","Tumor",0.021776832519836,"UCEC_T_25"
"UCEC","Tumor",0.736363493082853,"UCEC_T_26"
"UCEC","Tumor",0,"UCEC_T_27"
"UCEC","Tumor",0.689284926174946,"UCEC_T_28"
"UCEC","Tumor",0.801248554669506,"UCEC_T_29"
"UCEC","Tumor",0,"UCEC_T_30"
"UCEC","Tumor",0.955083293470846,"UCEC_T_31"
"UCEC","Tumor",0.933064414528147,"UCEC_T_32"
"UCEC","Tumor",1.83439349993473,"UCEC_T_33"
"UCEC","Tumor",0.948133314758435,"UCEC_T_34"
"UCEC","Tumor",0.441478892861561,"UCEC_T_35"
"UCEC","Tumor",1.28045378795625,"UCEC_T_36"
"UCEC","Tumor",1.43445933917404,"UCEC_T_37"
"UCEC","Tumor",0.479767198065827,"UCEC_T_38"
"UCEC","Tumor",0.271138834429596,"UCEC_T_39"
"UCEC","Tumor",0.571736908353428,"UCEC_T_40"
"UCEC","Tumor",0.142860948626493,"UCEC_T_41"
"UCEC","Tumor",0,"UCEC_T_42"
"UCEC","Tumor",1.3968079511707,"UCEC_T_43"
"UCEC","Tumor",0.642911101729997,"UCEC_T_44"
"UCEC","Tumor",0.967697574464756,"UCEC_T_45"
"UCEC","Tumor",3.03310911066022,"UCEC_T_46"
"UCEC","Tumor",0.875562897004305,"UCEC_T_47"
"UCEC","Tumor",0,"UCEC_T_48"
"UCEC","Tumor",0.350715499584078,"UCEC_T_49"
"UCEC","Tumor",0.833736317665288,"UCEC_T_50"
"UCEC","Tumor",0.709771338865971,"UCEC_T_51"
"UCEC","Tumor",0,"UCEC_T_52"
"UCEC","Tumor",1.048585307133,"UCEC_T_53"
"UCEC","Tumor",1.19191265002668,"UCEC_T_54"
"UCEC","Tumor",0.943605869371991,"UCEC_T_55"
"UCEC","Tumor",0,"UCEC_T_56"
"UCEC","Tumor",1.53851177758317,"UCEC_T_57"
"UCEC","Tumor",1.72679427043895,"UCEC_T_58"
"UCEC","Tumor",1.16993718298542,"UCEC_T_59"
"UCEC","Tumor",1.54601334239169,"UCEC_T_60"
"UCEC","Tumor",0,"UCEC_T_61"
"UCEC","Tumor",1.68747810177477,"UCEC_T_62"
"UCEC","Tumor",0.810095239950231,"UCEC_T_63"
"UCEC","Tumor",0.877935517589579,"UCEC_T_64"
"UCEC","Tumor",2.57899270688439,"UCEC_T_65"
"UCEC","Tumor",0.605943604754704,"UCEC_T_66"
"UCEC","Tumor",1.92901343112755,"UCEC_T_67"
"UCEC","Tumor",0,"UCEC_T_68"
"UCEC","Tumor",0.488313548003378,"UCEC_T_69"
"UCEC","Tumor",1.05728332277662,"UCEC_T_70"
"UCEC","Tumor",0,"UCEC_T_71"
"UCEC","Tumor",1.87210945887476,"UCEC_T_72"
"UCEC","Tumor",2.75269539451341,"UCEC_T_73"
"UCEC","Tumor",0.278104220264439,"UCEC_T_74"
"UCEC","Tumor",1.27624015218614,"UCEC_T_75"
"UCEC","Tumor",0,"UCEC_T_76"
"UCEC","Tumor",2.93279776608769,"UCEC_T_77"
"UCEC","Tumor",1.65311282441117,"UCEC_T_78"
"UCEC","Tumor",0.446241789411612,"UCEC_T_79"
"UCEC","Tumor",0,"UCEC_T_80"
"UCEC","Normal",2.71612854123019,"UCEC_N_1"
"UCEC","Normal",3.21437413437615,"UCEC_N_2"
"UCEC","Normal",2.08016314900078,"UCEC_N_3"
"UCEC","Normal",2.91163868041741,"UCEC_N_4"
"UCEC","Normal",0.668985699941994,"UCEC_N_5"
"UCEC","Normal",3.85311380366148,"UCEC_N_6"
"UCEC","Normal",2.65706620766785,"UCEC_N_7"
"UCEC","Normal",2.88349687427061,"UCEC_N_8"
"UCEC","Normal",3.60551637237722,"UCEC_N_9"
"UCEC","Normal",2.28975005222151,"UCEC_N_10"
"UCEC","Normal",2.47885090591628,"UCEC_N_11"
"UCEC","Normal",2.39118484344951,"UCEC_N_12"
"UCEC","Normal",1.85393634666925,"UCEC_N_13"
"UCEC","Normal",3.70564349858334,"UCEC_N_14"
"UCEC","Normal",2.8009865970294,"UCEC_N_15"
"UCEC","Normal",2.37890096148384,"UCEC_N_16"
"UCEC","Normal",3.37361067617949,"UCEC_N_17"
"UCEC","Normal",2.1784879440998,"UCEC_N_18"
"UCEC","Normal",2.00716066776699,"UCEC_N_19"
"UCEC","Normal",2.41041571763638,"UCEC_N_20"
"UCEC","Normal",2.91038798424119,"UCEC_N_21"
"UCEC","Normal",2.19891332867194,"UCEC_N_22"
"UCEC","Normal",3.41897290527797,"UCEC_N_23"
"UCEC","Normal",1.89107698706555,"UCEC_N_24"
"UCEC","Normal",3.10244888556243,"UCEC_N_25"
"UCEC","Normal",3.44414601925713,"UCEC_N_26"
"UCEC","Normal",1.81965682170334,"UCEC_N_27"
"UCEC","Normal",1.25701529779734,"UCEC_N_28"
"UCEC","Normal",4.22290648760809,"UCEC_N_29"
"UCEC","Normal",2.35317532016886,"UCEC_N_30"
"UCEC","Normal",2.57254909759242,"UCEC_N_31"
"UCEC","Normal",3.7302406343807,"UCEC_N_32"
"UCEC","Normal",3.54246084367284,"UCEC_N_33"
"UCS","Tumor",1.84142562372719,"UCS_T_1"
"UCS","Tumor",2.40580968916486,"UCS_T_2"
"UCS","Tumor",1.40583877957495,"UCS_T_3"
"UCS","Tumor",1.80515506310336,"UCS_T_4"
"UCS","Tumor",1.71996162503468,"UCS_T_5"
"UCS","Tumor",1.04058596017493,"UCS_T_6"
"UCS","Tumor",3.71497221663707,"UCS_T_7"
"UCS","Tumor",1.12142139831838,"UCS_T_8"
"UCS","Tumor",1.3245395870352,"UCS_T_9"
"UCS","Tumor",3.00473638806466,"UCS_T_10"
"UCS","Tumor",1.65969676847824,"UCS_T_11"
"UCS","Tumor",2.84844542489645,"UCS_T_12"
"UCS","Tumor",1.07296187679241,"UCS_T_13"
"UCS","Tumor",1.66747733840178,"UCS_T_14"
"UCS","Tumor",1.4293821192808,"UCS_T_15"
"UCS","Tumor",0.711205357300556,"UCS_T_16"
"UCS","Tumor",1.37700704434021,"UCS_T_17"
"UCS","Tumor",1.02505185804203,"UCS_T_18"
"UCS","Tumor",2.53776632265427,"UCS_T_19"
"UCS","Tumor",1.38933541468359,"UCS_T_20"
"UCS","Tumor",1.59753779326292,"UCS_T_21"
"UCS","Tumor",0.852474304902416,"UCS_T_22"
"UCS","Tumor",1.89551800331815,"UCS_T_23"
"UCS","Tumor",0.0683826408035884,"UCS_T_24"
"UCS","Tumor",0,"UCS_T_25"
"UCS","Tumor",3.56042534097305,"UCS_T_26"
"UCS","Tumor",2.43758069512992,"UCS_T_27"
"UCS","Tumor",2.31504763176766,"UCS_T_28"
"UCS","Tumor",0,"UCS_T_29"
"UCS","Tumor",2.35744811473441,"UCS_T_30"
"UCS","Tumor",2.20013326828527,"UCS_T_31"
"UCS","Tumor",1.60266395630727,"UCS_T_32"
"UCS","Tumor",2.50535776036096,"UCS_T_33"
"UCS","Tumor",2.80088802841341,"UCS_T_34"
"UCS","Tumor",1.55815539852027,"UCS_T_35"
"UCS","Tumor",3.62565607536605,"UCS_T_36"
"UCS","Tumor",2.66868169720702,"UCS_T_37"
"UCS","Tumor",2.904704378993,"UCS_T_38"
"UCS","Tumor",1.36520138287458,"UCS_T_39"
"UCS","Tumor",1.54919614204572,"UCS_T_40"
"UCS","Tumor",0.757733575253317,"UCS_T_41"
"UCS","Tumor",2.08768808318757,"UCS_T_42"
"UCS","Tumor",1.94433043208773,"UCS_T_43"
"UCS","Tumor",1.77160255164888,"UCS_T_44"
"UCS","Tumor",0.999631568841465,"UCS_T_45"
"UCS","Tumor",1.44834950257623,"UCS_T_46"
"UCS","Tumor",3.66543078047181,"UCS_T_47"
"UCS","Tumor",0.751159640601992,"UCS_T_48"
"UCS","Tumor",1.27422876508102,"UCS_T_49"
"UCS","Tumor",0.276886443894759,"UCS_T_50"
"UCS","Tumor",0.439589930131286,"UCS_T_51"
"UCS","Tumor",1.39355379627203,"UCS_T_52"
"UCS","Tumor",1.28903169592014,"UCS_T_53"
"UCS","Tumor",1.06341743347465,"UCS_T_54"
"UCS","Tumor",0.906474688174336,"UCS_T_55"
"UCS","Tumor",1.48369207448825,"UCS_T_56"
"UCS","Tumor",2.81433954082765,"UCS_T_57"
"UCS","Tumor",1.32251781218054,"UCS_T_58"
"UCS","Tumor",0.397115134084113,"UCS_T_59"
"UCS","Tumor",0.611267193206532,"UCS_T_60"
"UCS","Tumor",0,"UCS_T_61"
"UCS","Tumor",0,"UCS_T_62"
"UCS","Tumor",0.932898814944252,"UCS_T_63"
"UCS","Tumor",0.703903536472842,"UCS_T_64"
"UCS","Tumor",0.531292887106101,"UCS_T_65"
"UCS","Tumor",3.66956265151464,"UCS_T_66"
"UCS","Tumor",3.43145008040572,"UCS_T_67"
"UCS","Tumor",4.24472829832017,"UCS_T_68"
"UCS","Tumor",2.45681489924856,"UCS_T_69"
"UCS","Tumor",1.51907045286795,"UCS_T_70"
"UCS","Tumor",0.6370583032566,"UCS_T_71"
"UCS","Tumor",0.579552735571009,"UCS_T_72"
"UCS","Tumor",1.18344505023644,"UCS_T_73"
"UCS","Tumor",2.96083992430367,"UCS_T_74"
"UCS","Tumor",2.34678956004633,"UCS_T_75"
"UCS","Tumor",2.56981919497954,"UCS_T_76"
"UCS","Tumor",1.49319756997061,"UCS_T_77"
"UCS","Tumor",0.126682654781309,"UCS_T_78"
"UCS","Tumor",2.0067216694868,"UCS_T_79"
"UCS","Tumor",1.46570702564272,"UCS_T_80"
"UCS","Tumor",1.37636069055789,"UCS_T_81"
"UCS","Tumor",3.8644922260995,"UCS_T_82"
"UCS","Tumor",2.55001028092577,"UCS_T_83"
"UCS","Tumor",1.4519127940199,"UCS_T_84"
"UCS","Tumor",0,"UCS_T_85"
"UCS","Tumor",1.39367752698346,"UCS_T_86"
"UCS","Tumor",2.6707079178074,"UCS_T_87"
"UCS","Tumor",2.05313999042147,"UCS_T_88"
"UCS","Tumor",1.95242636572273,"UCS_T_89"
"UCS","Tumor",2.72541263683531,"UCS_T_90"
"UCS","Tumor",1.51130901049239,"UCS_T_91"
"UCS","Tumor",1.33451697249046,"UCS_T_92"
"UCS","Tumor",1.42635286403825,"UCS_T_93"
"UCS","Tumor",2.41483192516792,"UCS_T_94"
"UCS","Tumor",1.4109708667429,"UCS_T_95"
"UCS","Tumor",2.44062014014628,"UCS_T_96"
"UCS","Tumor",0.452135378348617,"UCS_T_97"
"UCS","Tumor",0.409253976325197,"UCS_T_98"
"UCS","Normal",3.97192037101404,"UCS_N_1"
"UCS","Normal",4.28607927567665,"UCS_N_2"
"UCS","Normal",3.11450907032817,"UCS_N_3"
"UCS","Normal",3.44679472961396,"UCS_N_4"
"UCS","Normal",4.38885115290751,"UCS_N_5"
"UCS","Normal",5.3536451153897,"UCS_N_6"
"UCS","Normal",4.42634450366785,"UCS_N_7"
"UCS","Normal",3.87939929787538,"UCS_N_8"
"UCS","Normal",4.29535173424399,"UCS_N_9"
"UCS","Normal",4.58137566639304,"UCS_N_10"
"UCS","Normal",4.4826224783722,"UCS_N_11"
"UCS","Normal",3.43869925576617,"UCS_N_12"
"UCS","Normal",3.76173169435212,"UCS_N_13"
"UCS","Normal",2.43167451846161,"UCS_N_14"
"UCS","Normal",2.97824770601508,"UCS_N_15"
"UCS","Normal",2.61996438243493,"UCS_N_16"
"UCS","Normal",3.58198257322142,"UCS_N_17"
"UVM","Tumor",1.93987520240482,"UVM_T_1"
"UVM","Tumor",1.23869071184466,"UVM_T_2"
"UVM","Tumor",1.16912130869959,"UVM_T_3"
"UVM","Tumor",2.09925407104081,"UVM_T_4"
"UVM","Tumor",2.16335610103694,"UVM_T_5"
"UVM","Tumor",1.69623161208716,"UVM_T_6"
"UVM","Tumor",1.88120395634737,"UVM_T_7"
"UVM","Tumor",1.79561498683438,"UVM_T_8"
"UVM","Tumor",1.69552857585409,"UVM_T_9"
"UVM","Tumor",1.50838473440805,"UVM_T_10"
"UVM","Tumor",2.33276480006592,"UVM_T_11"
"UVM","Tumor",2.12705386655643,"UVM_T_12"
"UVM","Tumor",2.21108741287312,"UVM_T_13"
"UVM","Tumor",2.52412307279519,"UVM_T_14"
"UVM","Tumor",1.96649190731565,"UVM_T_15"
"UVM","Tumor",1.26415624560643,"UVM_T_16"
"UVM","Tumor",0.327684151055831,"UVM_T_17"
"UVM","Tumor",0.929122120499501,"UVM_T_18"
"UVM","Tumor",0.547199657000299,"UVM_T_19"
"UVM","Tumor",1.11864598732584,"UVM_T_20"
"UVM","Tumor",0.891860001660706,"UVM_T_21"
"UVM","Tumor",1.22046875842414,"UVM_T_22"
"UVM","Tumor",0.393254656026848,"UVM_T_23"
"UVM","Tumor",0.794852457727139,"UVM_T_24"
"UVM","Tumor",1.77274173137902,"UVM_T_25"
"UVM","Tumor",1.63076052780371,"UVM_T_26"
"UVM","Tumor",1.01308489272895,"UVM_T_27"
"UVM","Tumor",2.42997690635211,"UVM_T_28"
"UVM","Tumor",0,"UVM_T_29"
"UVM","Tumor",1.89991318286151,"UVM_T_30"
"UVM","Tumor",2.98698514142171,"UVM_T_31"
"UVM","Tumor",1.00930681605247,"UVM_T_32"
"UVM","Tumor",1.80473949234194,"UVM_T_33"
"UVM","Tumor",0.858866570976815,"UVM_T_34"
"UVM","Tumor",1.39513953806101,"UVM_T_35"
"UVM","Tumor",2.23275803642349,"UVM_T_36"
"UVM","Tumor",0.503140092907529,"UVM_T_37"
"UVM","Tumor",0.862333776551956,"UVM_T_38"
"UVM","Tumor",1.94937792168594,"UVM_T_39"
"UVM","Tumor",1.83286426402555,"UVM_T_40"
"UVM","Tumor",2.22401375611341,"UVM_T_41"
"UVM","Tumor",2.6699027711976,"UVM_T_42"
"UVM","Tumor",2.18700731608261,"UVM_T_43"
"UVM","Tumor",0.339521967087904,"UVM_T_44"
"UVM","Tumor",1.57093594084505,"UVM_T_45"
"UVM","Tumor",1.01806715405213,"UVM_T_46"
"UVM","Tumor",1.4112970761883,"UVM_T_47"
"UVM","Tumor",2.33451692969024,"UVM_T_48"
"UVM","Tumor",1.69331001817043,"UVM_T_49"
"UVM","Tumor",1.57234293450998,"UVM_T_50"
"UVM","Tumor",1.29703982890331,"UVM_T_51"
"UVM","Tumor",1.81417307915808,"UVM_T_52"
"UVM","Tumor",0.238529385742949,"UVM_T_53"
"UVM","Tumor",0.995606550293977,"UVM_T_54"
"UVM","Tumor",3.03373061034393,"UVM_T_55"
"UVM","Tumor",2.0332774175988,"UVM_T_56"
"UVM","Tumor",0.455360547536293,"UVM_T_57"
"UVM","Tumor",0.18859791495182,"UVM_T_58"
"UVM","Tumor",0.457824320711802,"UVM_T_59"
"UVM","Tumor",1.99731143086439,"UVM_T_60"
"UVM","Tumor",1.85031353888371,"UVM_T_61"
"UVM","Tumor",0.848572271159975,"UVM_T_62"
"UVM","Tumor",1.04847023340216,"UVM_T_63"
"UVM","Tumor",2.3953826438267,"UVM_T_64"
"UVM","Tumor",1.11008096433508,"UVM_T_65"
"UVM","Tumor",1.35874529445593,"UVM_T_66"
"UVM","Tumor",1.76968832145977,"UVM_T_67"
"UVM","Tumor",1.2348269437922,"UVM_T_68"
"UVM","Tumor",0.682128169898293,"UVM_T_69"
"UVM","Tumor",1.00421329914468,"UVM_T_70"
"UVM","Tumor",0.33615413910241,"UVM_T_71"
"UVM","Tumor",1.88646719030877,"UVM_T_72"
"UVM","Tumor",2.74919469681863,"UVM_T_73"
"UVM","Tumor",1.66141721017019,"UVM_T_74"
"UVM","Tumor",2.22988380049493,"UVM_T_75"
"UVM","Tumor",0.766019549366765,"UVM_T_76"
"UVM","Tumor",1.27684579803753,"UVM_T_77"
"UVM","Tumor",1.28104241770748,"UVM_T_78"
"UVM","Tumor",0,"UVM_T_79"
"UVM","Tumor",1.50604751683218,"UVM_T_80"
"UVM","Tumor",1.89639183327011,"UVM_T_81"
"UVM","Tumor",2.1005610298399,"UVM_T_82"
"UVM","Tumor",2.73280861507579,"UVM_T_83"
"UVM","Tumor",0,"UVM_T_84"
"UVM","Tumor",2.0348060333217,"UVM_T_85"
"UVM","Tumor",2.13422864713369,"UVM_T_86"
"UVM","Normal",2.39912204049999,"UVM_N_1"
"UVM","Normal",0.785528594507734,"UVM_N_2"
"UVM","Normal",2.08867031345371,"UVM_N_3"
"UVM","Normal",0,"UVM_N_4"
"UVM","Normal",2.16680121681747,"UVM_N_5"
"UVM","Normal",3.19840533830457,"UVM_N_6"
"UVM","Normal",3.15074419646768,"UVM_N_7"
"UVM","Normal",0,"UVM_N_8"
"UVM","Normal",2.3451760484484,"UVM_N_9"
"UVM","Normal",1.63737777882351,"UVM_N_10"
"UVM","Normal",1.89714812782393,"UVM_N_11"
"UVM","Normal",0.144247809730295,"UVM_N_12"
"UVM","Normal",2.2251869752412,"UVM_N_13"
"UVM","Normal",1.49577802410679,"UVM_N_14"
"UVM","Normal",2.21626616542019,"UVM_N_15"
"UVM","Normal",1.7641800140158,"UVM_N_16"
"UVM","Normal",1.09680453000327,"UVM_N_17"
"UVM","Normal",2.18371164318682,"UVM_N_18"
"UVM","Normal",2.39320983135001,"UVM_N_19"
"UVM","Normal",1.96061000424568,"UVM_N_20"
"UVM","Normal",2.37083584425156,"UVM_N_21"
"UVM","Normal",1.54594607131231,"UVM_N_22"
"UVM","Normal",2.94499522634908,"UVM_N_23"
"UVM","Normal",1.63077674885657,"UVM_N_24"
"UVM","Normal",1.45343306242434,"UVM_N_25"
"UVM","Normal",2.75042880028561,"UVM_N_26"
"UVM","Normal",2.8090603191634,"UVM_N_27"
"UVM","Normal",2.46167908398196,"UVM_N_28"
"UVM","Normal",2.09355990224198,"UVM_N_29"
"UVM","Normal",3.19306336201957,"UVM_N_30"
"UVM","Normal",1.10864185917029,"UVM_N_31"
"UVM","Normal",2.8273705686543,"UVM_N_32"
"UVM","Normal",3.28866964188905,"UVM_N_33"
"UVM","Normal",1.96084223361048,"UVM_N_34"
"UVM","Normal",2.38573217745742,"UVM_N_35"
"UVM","Normal",2.40491632921521,"UVM_N_36"
"UVM","Normal",2.87202018094939,"UVM_N_37"
"UVM","Normal",1.23010623300447,"UVM_N_38"
"UVM","Normal",2.63371952898027,"UVM_N_39"
"UVM","Normal",0.549996921365953,"UVM_N_40"
"UVM","Normal",3.57867741061317,"UVM_N_41"
"UVM","Normal",1.46008276686474,"UVM_N_42"
"UVM","Normal",1.66420180191173,"UVM_N_43"
"UVM","Normal",2.12426271562092,"UVM_N_44"
"UVM","Normal",0.916904926138157,"UVM_N_45"
"UVM","Normal",1.7068386997123,"UVM_N_46"
"UVM","Normal",1.96634452667355,"UVM_N_47"
"UVM","Normal",1.64518058375862,"UVM_N_48"
